Day_Of_Week,Click_Hour,Click_Minute,Current_Cumulative_Sum,Target_Final_Daily_Sum
0,0,0,58.82,295783.97
0,0,15,792.42,295783.97
0,0,30,1404.52,295783.97
0,0,45,2190.02,295783.97
0,1,0,2937.19,295783.97
0,1,15,3642.95,295783.97
0,1,30,4411.8,295783.97
0,1,45,5190.37,295783.97
0,2,0,5984.75,295783.97
0,2,15,6770.46,295783.97
0,2,30,7381.62,295783.97
0,2,45,8086.57,295783.97
0,3,0,8875.35,295783.97
0,3,15,9561.15,295783.97
0,3,30,10272.19,295783.97
0,3,45,11046.89,295783.97
0,4,0,11742.66,295783.97
0,4,15,12397.91,295783.97
0,4,30,13247.03,295783.97
0,4,45,13958.79,295783.97
0,5,0,14744.88,295783.97
0,5,15,15448.1,295783.97
0,5,30,16215.59,295783.97
0,5,45,16881.42,295783.97
0,6,0,17794.8,295783.97
0,6,15,21162.86,295783.97
0,6,30,24224.31,295783.97
0,6,45,27393.91,295783.97
0,7,0,30321.25,295783.97
0,7,15,33305.58,295783.97
0,7,30,36304.7,295783.97
0,7,45,39436.98,295783.97
0,8,0,42978.59,295783.97
0,8,15,49889.34,295783.97
0,8,30,57288.55,295783.97
0,8,45,64632.62,295783.97
0,9,0,71753.8,295783.97
0,9,15,79149.27,295783.97
0,9,30,86440.81,295783.97
0,9,45,94278.58,295783.97
0,10,0,101250.72,295783.97
0,10,15,104373.9,295783.97
0,10,30,107417.27,295783.97
0,10,45,110186.2,295783.97
0,11,0,113444.2,295783.97
0,11,15,116073.38,295783.97
0,11,30,118950.16,295783.97
0,11,45,122133.27,295783.97
0,12,0,124852.91,295783.97
0,12,15,127730.24,295783.97
0,12,30,130202.72,295783.97
0,12,45,133258.66,295783.97
0,13,0,136397.06,295783.97
0,13,15,139264.91,295783.97
0,13,30,142250.94,295783.97
0,13,45,145007.42,295783.97
0,14,0,147748.26,295783.97
0,14,15,150497.79,295783.97
0,14,30,153787.86,295783.97
0,14,45,157004.43,295783.97
0,15,0,159561.61,295783.97
0,15,15,162419.52,295783.97
0,15,30,165494.98,295783.97
0,15,45,168401.6,295783.97
0,16,0,171798.11,295783.97
0,16,15,175080.86,295783.97
0,16,30,177889.55,295783.97
0,16,45,181082.17,295783.97
0,17,0,184428.85,295783.97
0,17,15,192132.01,295783.97
0,17,30,199989.57,295783.97
0,17,45,207541.44,295783.97
0,18,0,215449.81,295783.97
0,18,15,222724.48,295783.97
0,18,30,229941.96,295783.97
0,18,45,237243.43,295783.97
0,19,0,244430.71,295783.97
0,19,15,247370.75,295783.97
0,19,30,250503.13,295783.97
0,19,45,253656.43,295783.97
0,20,0,256451.69,295783.97
0,20,15,259398.66,295783.97
0,20,30,262138.68,295783.97
0,20,45,265198.93,295783.97
0,21,0,268086.69,295783.97
0,21,15,271278.96,295783.97
0,21,30,274478.93,295783.97
0,21,45,277437.42,295783.97
0,22,0,280519.63,295783.97
0,22,15,283415.29,295783.97
0,22,30,286610.31,295783.97
0,22,45,289672.03,295783.97
0,23,0,292620.1,295783.97
0,23,15,293374.76,295783.97
0,23,30,294260.24,295783.97
0,23,45,295022.12,295783.97
1,0,0,61.27,298416.47
1,0,15,733.47,298416.47
1,0,30,1395.27,298416.47
1,0,45,2178.6,298416.47
1,1,0,3060.81,298416.47
1,1,15,3856.74,298416.47
1,1,30,4581.13,298416.47
1,1,45,5269.33,298416.47
1,2,0,5979.69,298416.47
1,2,15,6853.32,298416.47
1,2,30,7699.4,298416.47
1,2,45,8345.8,298416.47
1,3,0,9134.58,298416.47
1,3,15,9805.97,298416.47
1,3,30,10511.71,298416.47
1,3,45,11238.4,298416.47
1,4,0,11932.85,298416.47
1,4,15,12733.08,298416.47
1,4,30,13382.77,298416.47
1,4,45,14134.73,298416.47
1,5,0,14872.4,298416.47
1,5,15,15533.4,298416.47
1,5,30,16396.79,298416.47
1,5,45,17231.38,298416.47
1,6,0,18105.66,298416.47
1,6,15,21317.23,298416.47
1,6,30,24566.16,298416.47
1,6,45,27828.98,298416.47
1,7,0,31018.85,298416.47
1,7,15,33889.39,298416.47
1,7,30,37061.61,298416.47
1,7,45,39819.54,298416.47
1,8,0,43181.23,298416.47
1,8,15,50613.03,298416.47
1,8,30,57541.61,298416.47
1,8,45,64376.51,298416.47
1,9,0,71732.43,298416.47
1,9,15,79388.31,298416.47
1,9,30,87703.54,298416.47
1,9,45,95070.81,298416.47
1,10,0,102331.08,298416.47
1,10,15,105538.83,298416.47
1,10,30,108482.63,298416.47
1,10,45,111326.41,298416.47
1,11,0,114315.1,298416.47
1,11,15,117138.33,298416.47
1,11,30,120315.76,298416.47
1,11,45,123323.51,298416.47
1,12,0,126421.64,298416.47
1,12,15,129616.25,298416.47
1,12,30,132815.96,298416.47
1,12,45,135728.88,298416.47
1,13,0,138913.68,298416.47
1,13,15,142098.99,298416.47
1,13,30,145389.39,298416.47
1,13,45,148384.74,298416.47
1,14,0,151648.32,298416.47
1,14,15,154204.21,298416.47
1,14,30,157016.09,298416.47
1,14,45,159842.05,298416.47
1,15,0,162689.66,298416.47
1,15,15,165462.73,298416.47
1,15,30,168639.72,298416.47
1,15,45,171830.68,298416.47
1,16,0,174814.83,298416.47
1,16,15,177700.26,298416.47
1,16,30,180668.79,298416.47
1,16,45,183913.69,298416.47
1,17,0,187281.23,298416.47
1,17,15,194262.27,298416.47
1,17,30,201398.9,298416.47
1,17,45,209153.88,298416.47
1,18,0,216303.46,298416.47
1,18,15,224067.44,298416.47
1,18,30,232075.19,298416.47
1,18,45,240100.45,298416.47
1,19,0,247339.37,298416.47
1,19,15,250233.22,298416.47
1,19,30,253429.03,298416.47
1,19,45,256292.31,298416.47
1,20,0,259602.92,298416.47
1,20,15,262525.45,298416.47
1,20,30,265421.43,298416.47
1,20,45,268520.25,298416.47
1,21,0,271485.42,298416.47
1,21,15,274605.5,298416.47
1,21,30,277433.95,298416.47
1,21,45,280462.21,298416.47
1,22,0,283464.47,298416.47
1,22,15,286688.31,298416.47
1,22,30,289510.5,298416.47
1,22,45,292333.32,298416.47
1,23,0,295094.31,298416.47
1,23,15,295905.59,298416.47
1,23,30,296817.37,298416.47
1,23,45,297608.57,298416.47
2,0,0,52.18,298894.98
2,0,15,850.82,298894.98
2,0,30,1637.75,298894.98
2,0,45,2456.35,298894.98
2,1,0,3175.53,298894.98
2,1,15,3912.15,298894.98
2,1,30,4706.13,298894.98
2,1,45,5279.89,298894.98
2,2,0,6203.52,298894.98
2,2,15,6936.23,298894.98
2,2,30,7632.04,298894.98
2,2,45,8204.11,298894.98
2,3,0,8803.81,298894.98
2,3,15,9580.85,298894.98
2,3,30,10363.18,298894.98
2,3,45,11163.73,298894.98
2,4,0,11868.59,298894.98
2,4,15,12665.13,298894.98
2,4,30,13344.77,298894.98
2,4,45,14184.03,298894.98
2,5,0,15053.56,298894.98
2,5,15,15806.71,298894.98
2,5,30,16473.15,298894.98
2,5,45,17261.76,298894.98
2,6,0,17956.64,298894.98
2,6,15,21134.41,298894.98
2,6,30,24147.14,298894.98
2,6,45,26792.38,298894.98
2,7,0,29887.42,298894.98
2,7,15,32929.55,298894.98
2,7,30,35726.75,298894.98
2,7,45,38901.08,298894.98
2,8,0,41945.84,298894.98
2,8,15,49616.26,298894.98
2,8,30,57113.19,298894.98
2,8,45,65468.64,298894.98
2,9,0,73362.87,298894.98
2,9,15,81167.84,298894.98
2,9,30,88580.87,298894.98
2,9,45,96702.52,298894.98
2,10,0,103370.55,298894.98
2,10,15,106511.25,298894.98
2,10,30,109541.46,298894.98
2,10,45,112187.7,298894.98
2,11,0,115105.19,298894.98
2,11,15,118220.71,298894.98
2,11,30,121412.76,298894.98
2,11,45,124269.42,298894.98
2,12,0,127213.65,298894.98
2,12,15,129854.41,298894.98
2,12,30,132639.77,298894.98
2,12,45,135612.53,298894.98
2,13,0,138452.78,298894.98
2,13,15,141496.03,298894.98
2,13,30,144260.88,298894.98
2,13,45,147370.99,298894.98
2,14,0,150131.33,298894.98
2,14,15,153303.62,298894.98
2,14,30,156654.51,298894.98
2,14,45,159696.9,298894.98
2,15,0,162628.17,298894.98
2,15,15,165399.5,298894.98
2,15,30,168489.4,298894.98
2,15,45,171747.11,298894.98
2,16,0,174853.86,298894.98
2,16,15,177828.27,298894.98
2,16,30,181019.94,298894.98
2,16,45,184011.15,298894.98
2,17,0,187485.34,298894.98
2,17,15,195379.47,298894.98
2,17,30,202885.77,298894.98
2,17,45,211300.76,298894.98
2,18,0,218940.89,298894.98
2,18,15,226295.74,298894.98
2,18,30,233504.33,298894.98
2,18,45,240661.97,298894.98
2,19,0,248438.14,298894.98
2,19,15,251456.3,298894.98
2,19,30,254452.62,298894.98
2,19,45,257563.64,298894.98
2,20,0,260545.92,298894.98
2,20,15,263717.17,298894.98
2,20,30,266705.02,298894.98
2,20,45,269524.97,298894.98
2,21,0,272457.86,298894.98
2,21,15,275554.37,298894.98
2,21,30,278827.81,298894.98
2,21,45,281688.79,298894.98
2,22,0,284634.45,298894.98
2,22,15,287330.67,298894.98
2,22,30,289938.07,298894.98
2,22,45,293093.69,298894.98
2,23,0,295865.13,298894.98
2,23,15,296655.05,298894.98
2,23,30,297366.0,298894.98
2,23,45,298139.7,298894.98
3,0,0,45.11,298311.72
3,0,15,662.84,298311.72
3,0,30,1344.55,298311.72
3,0,45,2041.19,298311.72
3,1,0,2749.06,298311.72
3,1,15,3441.35,298311.72
3,1,30,4234.29,298311.72
3,1,45,5019.83,298311.72
3,2,0,5674.1,298311.72
3,2,15,6374.75,298311.72
3,2,30,7089.3,298311.72
3,2,45,7846.88,298311.72
3,3,0,8631.48,298311.72
3,3,15,9517.3,298311.72
3,3,30,10307.65,298311.72
3,3,45,11031.76,298311.72
3,4,0,11673.35,298311.72
3,4,15,12460.52,298311.72
3,4,30,13241.08,298311.72
3,4,45,13969.72,298311.72
3,5,0,14657.57,298311.72
3,5,15,15477.84,298311.72
3,5,30,16287.79,298311.72
3,5,45,16979.55,298311.72
3,6,0,17791.32,298311.72
3,6,15,21025.73,298311.72
3,6,30,23593.56,298311.72
3,6,45,26652.78,298311.72
3,7,0,29546.47,298311.72
3,7,15,32636.74,298311.72
3,7,30,35381.43,298311.72
3,7,45,38674.97,298311.72
3,8,0,41699.58,298311.72
3,8,15,48946.6,298311.72
3,8,30,56098.59,298311.72
3,8,45,63156.38,298311.72
3,9,0,70602.39,298311.72
3,9,15,78179.7,298311.72
3,9,30,85867.3,298311.72
3,9,45,94654.87,298311.72
3,10,0,102156.77,298311.72
3,10,15,105194.98,298311.72
3,10,30,108113.29,298311.72
3,10,45,110869.96,298311.72
3,11,0,114031.43,298311.72
3,11,15,117115.21,298311.72
3,11,30,120448.54,298311.72
3,11,45,123200.46,298311.72
3,12,0,126506.4,298311.72
3,12,15,129270.27,298311.72
3,12,30,132360.95,298311.72
3,12,45,135780.33,298311.72
3,13,0,138998.21,298311.72
3,13,15,142027.85,298311.72
3,13,30,145116.51,298311.72
3,13,45,148224.69,298311.72
3,14,0,151291.87,298311.72
3,14,15,154283.85,298311.72
3,14,30,157088.03,298311.72
3,14,45,160212.51,298311.72
3,15,0,163319.86,298311.72
3,15,15,166481.47,298311.72
3,15,30,169592.9,298311.72
3,15,45,172659.02,298311.72
3,16,0,175717.69,298311.72
3,16,15,178670.73,298311.72
3,16,30,181652.06,298311.72
3,16,45,184778.29,298311.72
3,17,0,187914.21,298311.72
3,17,15,195467.1,298311.72
3,17,30,203452.47,298311.72
3,17,45,211713.13,298311.72
3,18,0,219262.08,298311.72
3,18,15,226263.98,298311.72
3,18,30,232873.83,298311.72
3,18,45,240334.29,298311.72
3,19,0,247974.72,298311.72
3,19,15,250815.99,298311.72
3,19,30,254095.3,298311.72
3,19,45,256680.1,298311.72
3,20,0,259625.67,298311.72
3,20,15,262704.65,298311.72
3,20,30,265761.06,298311.72
3,20,45,268913.3,298311.72
3,21,0,271915.58,298311.72
3,21,15,274786.62,298311.72
3,21,30,277884.17,298311.72
3,21,45,280803.22,298311.72
3,22,0,283816.35,298311.72
3,22,15,286685.17,298311.72
3,22,30,289921.05,298311.72
3,22,45,292694.81,298311.72
3,23,0,295509.46,298311.72
3,23,15,296130.63,298311.72
3,23,30,296815.97,298311.72
3,23,45,297689.45,298311.72
4,0,0,46.91,295336.26
4,0,15,707.19,295336.26
4,0,30,1513.78,295336.26
4,0,45,2123.33,295336.26
4,1,0,2880.33,295336.26
4,1,15,3506.6,295336.26
4,1,30,4328.53,295336.26
4,1,45,5099.43,295336.26
4,2,0,5757.91,295336.26
4,2,15,6434.32,295336.26
4,2,30,7219.16,295336.26
4,2,45,7985.01,295336.26
4,3,0,8591.96,295336.26
4,3,15,9302.85,295336.26
4,3,30,10016.42,295336.26
4,3,45,10855.87,295336.26
4,4,0,11611.56,295336.26
4,4,15,12445.4,295336.26
4,4,30,13142.27,295336.26
4,4,45,13781.26,295336.26
4,5,0,14437.5,295336.26
4,5,15,15105.79,295336.26
4,5,30,15830.12,295336.26
4,5,45,16571.39,295336.26
4,6,0,17449.01,295336.26
4,6,15,20657.98,295336.26
4,6,30,23735.35,295336.26
4,6,45,26522.89,295336.26
4,7,0,29627.37,295336.26
4,7,15,32567.48,295336.26
4,7,30,35766.4,295336.26
4,7,45,38767.55,295336.26
4,8,0,41913.2,295336.26
4,8,15,48762.63,295336.26
4,8,30,56663.78,295336.26
4,8,45,63986.89,295336.26
4,9,0,71480.08,295336.26
4,9,15,79025.2,295336.26
4,9,30,86334.69,295336.26
4,9,45,93432.56,295336.26
4,10,0,100811.92,295336.26
4,10,15,103641.23,295336.26
4,10,30,106754.01,295336.26
4,10,45,109824.87,295336.26
4,11,0,112654.43,295336.26
4,11,15,115694.09,295336.26
4,11,30,118714.53,295336.26
4,11,45,121861.75,295336.26
4,12,0,124689.12,295336.26
4,12,15,127613.9,295336.26
4,12,30,130593.02,295336.26
4,12,45,133481.24,295336.26
4,13,0,136787.16,295336.26
4,13,15,139556.69,295336.26
4,13,30,142688.39,295336.26
4,13,45,145836.41,295336.26
4,14,0,148791.67,295336.26
4,14,15,151720.88,295336.26
4,14,30,154563.06,295336.26
4,14,45,157794.44,295336.26
4,15,0,161014.08,295336.26
4,15,15,164438.16,295336.26
4,15,30,167496.07,295336.26
4,15,45,170489.05,295336.26
4,16,0,173332.21,295336.26
4,16,15,176170.21,295336.26
4,16,30,179046.97,295336.26
4,16,45,182026.73,295336.26
4,17,0,185173.85,295336.26
4,17,15,192807.94,295336.26
4,17,30,199791.17,295336.26
4,17,45,206995.19,295336.26
4,18,0,214530.12,295336.26
4,18,15,222208.31,295336.26
4,18,30,230156.57,295336.26
4,18,45,237335.86,295336.26
4,19,0,244750.59,295336.26
4,19,15,247674.74,295336.26
4,19,30,250693.15,295336.26
4,19,45,254069.71,295336.26
4,20,0,257132.79,295336.26
4,20,15,259944.78,295336.26
4,20,30,263110.27,295336.26
4,20,45,266223.18,295336.26
4,21,0,269300.03,295336.26
4,21,15,272041.83,295336.26
4,21,30,275154.78,295336.26
4,21,45,277898.88,295336.26
4,22,0,281068.87,295336.26
4,22,15,283632.21,295336.26
4,22,30,286457.74,295336.26
4,22,45,289443.86,295336.26
4,23,0,292337.95,295336.26
4,23,15,293005.42,295336.26
4,23,30,293648.34,295336.26
4,23,45,294491.07,295336.26
5,0,0,57.66,209426.57
5,0,15,588.04,209426.57
5,0,30,1029.75,209426.57
5,0,45,1506.15,209426.57
5,1,0,2028.06,209426.57
5,1,15,2589.78,209426.57
5,1,30,3047.88,209426.57
5,1,45,3650.42,209426.57
5,2,0,4126.65,209426.57
5,2,15,4640.83,209426.57
5,2,30,5113.04,209426.57
5,2,45,5618.34,209426.57
5,3,0,6162.98,209426.57
5,3,15,6585.98,209426.57
5,3,30,7127.39,209426.57
5,3,45,7725.84,209426.57
5,4,0,8302.1,209426.57
5,4,15,8989.63,209426.57
5,4,30,9518.72,209426.57
5,4,45,10020.87,209426.57
5,5,0,10655.85,209426.57
5,5,15,11188.91,209426.57
5,5,30,11707.1,209426.57
5,5,45,12195.96,209426.57
5,6,0,12877.79,209426.57
5,6,15,14840.67,209426.57
5,6,30,16893.46,209426.57
5,6,45,19229.4,209426.57
5,7,0,21393.96,209426.57
5,7,15,23377.74,209426.57
5,7,30,25419.3,209426.57
5,7,45,27577.84,209426.57
5,8,0,29975.98,209426.57
5,8,15,35047.99,209426.57
5,8,30,40232.69,209426.57
5,8,45,46017.58,209426.57
5,9,0,51247.54,209426.57
5,9,15,57196.24,209426.57
5,9,30,62254.1,209426.57
5,9,45,67847.85,209426.57
5,10,0,72712.05,209426.57
5,10,15,74807.42,209426.57
5,10,30,77088.64,209426.57
5,10,45,79223.19,209426.57
5,11,0,81019.16,209426.57
5,11,15,83110.14,209426.57
5,11,30,85283.0,209426.57
5,11,45,87377.16,209426.57
5,12,0,89544.84,209426.57
5,12,15,91665.69,209426.57
5,12,30,93877.41,209426.57
5,12,45,95854.62,209426.57
5,13,0,97794.79,209426.57
5,13,15,100023.5,209426.57
5,13,30,102131.84,209426.57
5,13,45,104188.51,209426.57
5,14,0,106271.64,209426.57
5,14,15,108218.52,209426.57
5,14,30,110101.73,209426.57
5,14,45,112342.56,209426.57
5,15,0,114682.98,209426.57
5,15,15,117037.77,209426.57
5,15,30,119135.84,209426.57
5,15,45,121159.17,209426.57
5,16,0,123312.42,209426.57
5,16,15,125496.61,209426.57
5,16,30,127683.54,209426.57
5,16,45,129782.45,209426.57
5,17,0,131990.56,209426.57
5,17,15,137355.27,209426.57
5,17,30,143022.56,209426.57
5,17,45,148332.57,209426.57
5,18,0,153624.66,209426.57
5,18,15,158928.08,209426.57
5,18,30,163955.29,209426.57
5,18,45,168831.7,209426.57
5,19,0,173424.33,209426.57
5,19,15,175611.26,209426.57
5,19,30,177692.66,209426.57
5,19,45,179810.64,209426.57
5,20,0,181834.07,209426.57
5,20,15,184224.62,209426.57
5,20,30,186236.58,209426.57
5,20,45,188359.99,209426.57
5,21,0,190577.7,209426.57
5,21,15,192491.96,209426.57
5,21,30,194562.13,209426.57
5,21,45,196705.56,209426.57
5,22,0,198833.88,209426.57
5,22,15,200985.04,209426.57
5,22,30,203192.97,209426.57
5,22,45,205326.28,209426.57
5,23,0,207447.6,209426.57
5,23,15,207876.3,209426.57
5,23,30,208389.98,209426.57
5,23,45,208939.56,209426.57
6,0,0,36.75,210159.88
6,0,15,478.93,210159.88
6,0,30,1032.48,210159.88
6,0,45,1487.64,210159.88
6,1,0,2043.48,210159.88
6,1,15,2567.6,210159.88
6,1,30,3136.82,210159.88
6,1,45,3649.78,210159.88
6,2,0,4245.68,210159.88
6,2,15,4754.49,210159.88
6,2,30,5356.21,210159.88
6,2,45,5931.7,210159.88
6,3,0,6449.79,210159.88
6,3,15,7013.43,210159.88
6,3,30,7532.15,210159.88
6,3,45,8049.12,210159.88
6,4,0,8508.23,210159.88
6,4,15,9095.4,210159.88
6,4,30,9615.14,210159.88
6,4,45,10217.92,210159.88
6,5,0,10739.0,210159.88
6,5,15,11199.76,210159.88
6,5,30,11688.31,210159.88
6,5,45,12137.13,210159.88
6,6,0,12812.92,210159.88
6,6,15,15180.43,210159.88
6,6,30,17206.35,210159.88
6,6,45,19483.34,210159.88
6,7,0,21554.62,210159.88
6,7,15,23381.14,210159.88
6,7,30,25474.78,210159.88
6,7,45,27678.15,210159.88
6,8,0,29950.51,210159.88
6,8,15,35071.01,210159.88
6,8,30,40767.68,210159.88
6,8,45,46146.44,210159.88
6,9,0,51436.21,210159.88
6,9,15,57060.59,210159.88
6,9,30,62308.31,210159.88
6,9,45,67187.93,210159.88
6,10,0,72051.45,210159.88
6,10,15,74085.57,210159.88
6,10,30,76320.35,210159.88
6,10,45,78308.48,210159.88
6,11,0,80438.89,210159.88
6,11,15,82665.17,210159.88
6,11,30,84886.16,210159.88
6,11,45,87047.23,210159.88
6,12,0,89248.1,210159.88
6,12,15,91541.0,210159.88
6,12,30,94093.25,210159.88
6,12,45,96399.57,210159.88
6,13,0,98365.58,210159.88
6,13,15,100598.53,210159.88
6,13,30,102718.51,210159.88
6,13,45,104672.92,210159.88
6,14,0,106787.82,210159.88
6,14,15,108901.34,210159.88
6,14,30,111079.57,210159.88
6,14,45,113180.62,210159.88
6,15,0,115399.26,210159.88
6,15,15,117445.93,210159.88
6,15,30,119469.09,210159.88
6,15,45,121547.49,210159.88
6,16,0,123675.77,210159.88
6,16,15,125731.45,210159.88
6,16,30,127714.41,210159.88
6,16,45,129904.97,210159.88
6,17,0,132148.81,210159.88
6,17,15,137182.99,210159.88
6,17,30,142337.85,210159.88
6,17,45,147695.81,210159.88
6,18,0,153053.43,210159.88
6,18,15,158001.18,210159.88
6,18,30,163061.37,210159.88
6,18,45,168638.34,210159.88
6,19,0,174112.05,210159.88
6,19,15,176087.91,210159.88
6,19,30,178135.89,210159.88
6,19,45,180185.82,210159.88
6,20,0,182159.31,210159.88
6,20,15,184215.26,210159.88
6,20,30,186108.35,210159.88
6,20,45,188286.36,210159.88
6,21,0,190507.0,210159.88
6,21,15,193005.69,210159.88
6,21,30,195009.6,210159.88
6,21,45,197121.28,210159.88
6,22,0,199306.28,210159.88
6,22,15,201829.75,210159.88
6,22,30,203779.69,210159.88
6,22,45,206052.07,210159.88
6,23,0,208069.23,210159.88
6,23,15,208604.14,210159.88
6,23,30,209136.14,210159.88
6,23,45,209700.66,210159.88
0,0,0,33.71,298237.51
0,0,15,1018.93,298237.51
0,0,30,1789.13,298237.51
0,0,45,2701.73,298237.51
0,1,0,3416.85,298237.51
0,1,15,4083.85,298237.51
0,1,30,4898.43,298237.51
0,1,45,5681.72,298237.51
0,2,0,6583.44,298237.51
0,2,15,7173.56,298237.51
0,2,30,7922.66,298237.51
0,2,45,8690.9,298237.51
0,3,0,9358.12,298237.51
0,3,15,10173.71,298237.51
0,3,30,11009.09,298237.51
0,3,45,11731.58,298237.51
0,4,0,12450.03,298237.51
0,4,15,13218.49,298237.51
0,4,30,13953.12,298237.51
0,4,45,14759.23,298237.51
0,5,0,15455.02,298237.51
0,5,15,16157.25,298237.51
0,5,30,16908.04,298237.51
0,5,45,17758.91,298237.51
0,6,0,18691.39,298237.51
0,6,15,21809.76,298237.51
0,6,30,24737.17,298237.51
0,6,45,27545.86,298237.51
0,7,0,31068.89,298237.51
0,7,15,34276.59,298237.51
0,7,30,37197.39,298237.51
0,7,45,40434.95,298237.51
0,8,0,43725.91,298237.51
0,8,15,51763.66,298237.51
0,8,30,59564.3,298237.51
0,8,45,66600.35,298237.51
0,9,0,74007.47,298237.51
0,9,15,81032.53,298237.51
0,9,30,88386.24,298237.51
0,9,45,96187.49,298237.51
0,10,0,103035.37,298237.51
0,10,15,106100.57,298237.51
0,10,30,108967.55,298237.51
0,10,45,112119.28,298237.51
0,11,0,115177.78,298237.51
0,11,15,118362.14,298237.51
0,11,30,121482.02,298237.51
0,11,45,124441.82,298237.51
0,12,0,127254.52,298237.51
0,12,15,130621.64,298237.51
0,12,30,133520.96,298237.51
0,12,45,136588.98,298237.51
0,13,0,139306.52,298237.51
0,13,15,142253.9,298237.51
0,13,30,145617.74,298237.51
0,13,45,148648.34,298237.51
0,14,0,151493.94,298237.51
0,14,15,154739.61,298237.51
0,14,30,157875.9,298237.51
0,14,45,161078.67,298237.51
0,15,0,164047.12,298237.51
0,15,15,166837.95,298237.51
0,15,30,169457.9,298237.51
0,15,45,172767.95,298237.51
0,16,0,175891.75,298237.51
0,16,15,179012.18,298237.51
0,16,30,181983.9,298237.51
0,16,45,185038.34,298237.51
0,17,0,188184.95,298237.51
0,17,15,195427.97,298237.51
0,17,30,202483.58,298237.51
0,17,45,209597.44,298237.51
0,18,0,216975.06,298237.51
0,18,15,224808.48,298237.51
0,18,30,232181.55,298237.51
0,18,45,239432.12,298237.51
0,19,0,246752.03,298237.51
0,19,15,249822.46,298237.51
0,19,30,252943.93,298237.51
0,19,45,256014.98,298237.51
0,20,0,259160.14,298237.51
0,20,15,261834.48,298237.51
0,20,30,265003.17,298237.51
0,20,45,268292.81,298237.51
0,21,0,271232.43,298237.51
0,21,15,274045.08,298237.51
0,21,30,277058.12,298237.51
0,21,45,280067.37,298237.51
0,22,0,283128.18,298237.51
0,22,15,286123.37,298237.51
0,22,30,289238.12,298237.51
0,22,45,292412.96,298237.51
0,23,0,295367.93,298237.51
0,23,15,296204.1,298237.51
0,23,30,296768.05,298237.51
0,23,45,297461.59,298237.51
1,0,0,52.51,299675.36
1,0,15,872.71,299675.36
1,0,30,1629.63,299675.36
1,0,45,2451.54,299675.36
1,1,0,3198.88,299675.36
1,1,15,3861.33,299675.36
1,1,30,4597.61,299675.36
1,1,45,5384.54,299675.36
1,2,0,6146.91,299675.36
1,2,15,6845.39,299675.36
1,2,30,7589.55,299675.36
1,2,45,8353.68,299675.36
1,3,0,9042.62,299675.36
1,3,15,9804.58,299675.36
1,3,30,10525.02,299675.36
1,3,45,11219.2,299675.36
1,4,0,12190.13,299675.36
1,4,15,13082.54,299675.36
1,4,30,13903.01,299675.36
1,4,45,14606.29,299675.36
1,5,0,15399.89,299675.36
1,5,15,16086.74,299675.36
1,5,30,16777.79,299675.36
1,5,45,17642.81,299675.36
1,6,0,18455.8,299675.36
1,6,15,21533.96,299675.36
1,6,30,24686.15,299675.36
1,6,45,27711.7,299675.36
1,7,0,31133.27,299675.36
1,7,15,34276.4,299675.36
1,7,30,37377.64,299675.36
1,7,45,40571.41,299675.36
1,8,0,44207.59,299675.36
1,8,15,51832.18,299675.36
1,8,30,58661.26,299675.36
1,8,45,66456.55,299675.36
1,9,0,73791.18,299675.36
1,9,15,80470.28,299675.36
1,9,30,88105.13,299675.36
1,9,45,95894.11,299675.36
1,10,0,102658.94,299675.36
1,10,15,105686.55,299675.36
1,10,30,108914.72,299675.36
1,10,45,111963.08,299675.36
1,11,0,114795.93,299675.36
1,11,15,117727.89,299675.36
1,11,30,120401.01,299675.36
1,11,45,123801.24,299675.36
1,12,0,126525.98,299675.36
1,12,15,129363.96,299675.36
1,12,30,132510.34,299675.36
1,12,45,135343.38,299675.36
1,13,0,138480.94,299675.36
1,13,15,141479.1,299675.36
1,13,30,144582.54,299675.36
1,13,45,147485.28,299675.36
1,14,0,150566.17,299675.36
1,14,15,153617.57,299675.36
1,14,30,156947.2,299675.36
1,14,45,160029.48,299675.36
1,15,0,162708.93,299675.36
1,15,15,165624.07,299675.36
1,15,30,168543.12,299675.36
1,15,45,171633.25,299675.36
1,16,0,174787.53,299675.36
1,16,15,177957.03,299675.36
1,16,30,181030.71,299675.36
1,16,45,184094.85,299675.36
1,17,0,187306.17,299675.36
1,17,15,195356.51,299675.36
1,17,30,203075.98,299675.36
1,17,45,211226.48,299675.36
1,18,0,219207.98,299675.36
1,18,15,226837.2,299675.36
1,18,30,234982.64,299675.36
1,18,45,242425.02,299675.36
1,19,0,249070.48,299675.36
1,19,15,251874.35,299675.36
1,19,30,254829.33,299675.36
1,19,45,257993.64,299675.36
1,20,0,260466.68,299675.36
1,20,15,263499.68,299675.36
1,20,30,266385.14,299675.36
1,20,45,269488.06,299675.36
1,21,0,272537.5,299675.36
1,21,15,275495.62,299675.36
1,21,30,278437.48,299675.36
1,21,45,281433.16,299675.36
1,22,0,284689.53,299675.36
1,22,15,287529.57,299675.36
1,22,30,290558.7,299675.36
1,22,45,293496.75,299675.36
1,23,0,296612.71,299675.36
1,23,15,297419.09,299675.36
1,23,30,298026.2,299675.36
1,23,45,298788.87,299675.36
2,0,0,38.21,297540.68
2,0,15,794.94,297540.68
2,0,30,1514.5,297540.68
2,0,45,2324.84,297540.68
2,1,0,3104.74,297540.68
2,1,15,3856.19,297540.68
2,1,30,4608.88,297540.68
2,1,45,5405.86,297540.68
2,2,0,6230.19,297540.68
2,2,15,7026.61,297540.68
2,2,30,7745.55,297540.68
2,2,45,8468.78,297540.68
2,3,0,9227.91,297540.68
2,3,15,10069.7,297540.68
2,3,30,10864.54,297540.68
2,3,45,11532.42,297540.68
2,4,0,12229.88,297540.68
2,4,15,13027.88,297540.68
2,4,30,13854.84,297540.68
2,4,45,14591.52,297540.68
2,5,0,15379.08,297540.68
2,5,15,16241.36,297540.68
2,5,30,16922.92,297540.68
2,5,45,17674.46,297540.68
2,6,0,18560.15,297540.68
2,6,15,21395.67,297540.68
2,6,30,24689.88,297540.68
2,6,45,27843.91,297540.68
2,7,0,30972.54,297540.68
2,7,15,33617.33,297540.68
2,7,30,36463.23,297540.68
2,7,45,39449.08,297540.68
2,8,0,42283.18,297540.68
2,8,15,50499.34,297540.68
2,8,30,57956.04,297540.68
2,8,45,66052.47,297540.68
2,9,0,72924.58,297540.68
2,9,15,80717.73,297540.68
2,9,30,87947.59,297540.68
2,9,45,95156.3,297540.68
2,10,0,102537.5,297540.68
2,10,15,105368.46,297540.68
2,10,30,108537.34,297540.68
2,10,45,111798.15,297540.68
2,11,0,114592.66,297540.68
2,11,15,117970.33,297540.68
2,11,30,120767.63,297540.68
2,11,45,124146.75,297540.68
2,12,0,127000.82,297540.68
2,12,15,129643.68,297540.68
2,12,30,132877.28,297540.68
2,12,45,136087.29,297540.68
2,13,0,139200.11,297540.68
2,13,15,142372.68,297540.68
2,13,30,145217.04,297540.68
2,13,45,147889.55,297540.68
2,14,0,150763.32,297540.68
2,14,15,153880.4,297540.68
2,14,30,157136.09,297540.68
2,14,45,159670.26,297540.68
2,15,0,163084.0,297540.68
2,15,15,165794.21,297540.68
2,15,30,169040.05,297540.68
2,15,45,172016.68,297540.68
2,16,0,175138.87,297540.68
2,16,15,177801.18,297540.68
2,16,30,181097.67,297540.68
2,16,45,184102.88,297540.68
2,17,0,187357.21,297540.68
2,17,15,194481.84,297540.68
2,17,30,201629.55,297540.68
2,17,45,209704.11,297540.68
2,18,0,217411.45,297540.68
2,18,15,224074.99,297540.68
2,18,30,232078.18,297540.68
2,18,45,239413.34,297540.68
2,19,0,246917.61,297540.68
2,19,15,250017.22,297540.68
2,19,30,253185.55,297540.68
2,19,45,256088.62,297540.68
2,20,0,258849.68,297540.68
2,20,15,261735.31,297540.68
2,20,30,264703.2,297540.68
2,20,45,267253.42,297540.68
2,21,0,269937.75,297540.68
2,21,15,273015.43,297540.68
2,21,30,276364.41,297540.68
2,21,45,279090.73,297540.68
2,22,0,282036.54,297540.68
2,22,15,285160.34,297540.68
2,22,30,288633.95,297540.68
2,22,45,291789.9,297540.68
2,23,0,294804.17,297540.68
2,23,15,295493.57,297540.68
2,23,30,296248.38,297540.68
2,23,45,296963.3,297540.68
3,0,0,46.97,296777.66
3,0,15,637.92,296777.66
3,0,30,1440.92,296777.66
3,0,45,2219.61,296777.66
3,1,0,2885.1,296777.66
3,1,15,3623.32,296777.66
3,1,30,4367.08,296777.66
3,1,45,5083.63,296777.66
3,2,0,5780.66,296777.66
3,2,15,6516.68,296777.66
3,2,30,7237.49,296777.66
3,2,45,8152.76,296777.66
3,3,0,9010.34,296777.66
3,3,15,9634.94,296777.66
3,3,30,10349.51,296777.66
3,3,45,11210.96,296777.66
3,4,0,11977.77,296777.66
3,4,15,12730.45,296777.66
3,4,30,13401.19,296777.66
3,4,45,14232.6,296777.66
3,5,0,15014.9,296777.66
3,5,15,15800.22,296777.66
3,5,30,16481.35,296777.66
3,5,45,17279.63,296777.66
3,6,0,18067.34,296777.66
3,6,15,20864.78,296777.66
3,6,30,23563.14,296777.66
3,6,45,26585.54,296777.66
3,7,0,29308.35,296777.66
3,7,15,32035.08,296777.66
3,7,30,35163.4,296777.66
3,7,45,38259.18,296777.66
3,8,0,41692.44,296777.66
3,8,15,48864.26,296777.66
3,8,30,56882.23,296777.66
3,8,45,64412.06,296777.66
3,9,0,71902.53,296777.66
3,9,15,79680.18,296777.66
3,9,30,87202.5,296777.66
3,9,45,95438.42,296777.66
3,10,0,102458.11,296777.66
3,10,15,105222.55,296777.66
3,10,30,108559.38,296777.66
3,10,45,111618.3,296777.66
3,11,0,114616.75,296777.66
3,11,15,117630.18,296777.66
3,11,30,120598.34,296777.66
3,11,45,123706.56,296777.66
3,12,0,126876.92,296777.66
3,12,15,129909.33,296777.66
3,12,30,132998.83,296777.66
3,12,45,135597.54,296777.66
3,13,0,138596.26,296777.66
3,13,15,141555.93,296777.66
3,13,30,144415.1,296777.66
3,13,45,147768.34,296777.66
3,14,0,150856.71,296777.66
3,14,15,153823.9,296777.66
3,14,30,156776.02,296777.66
3,14,45,159895.83,296777.66
3,15,0,162458.99,296777.66
3,15,15,165436.71,296777.66
3,15,30,168403.32,296777.66
3,15,45,171205.38,296777.66
3,16,0,174290.7,296777.66
3,16,15,177154.57,296777.66
3,16,30,180195.63,296777.66
3,16,45,183322.74,296777.66
3,17,0,186732.49,296777.66
3,17,15,193904.74,296777.66
3,17,30,202009.75,296777.66
3,17,45,209956.34,296777.66
3,18,0,217086.82,296777.66
3,18,15,224735.17,296777.66
3,18,30,231967.38,296777.66
3,18,45,239372.6,296777.66
3,19,0,246191.34,296777.66
3,19,15,248749.36,296777.66
3,19,30,252112.4,296777.66
3,19,45,254959.53,296777.66
3,20,0,258128.34,296777.66
3,20,15,260813.5,296777.66
3,20,30,263837.71,296777.66
3,20,45,266652.46,296777.66
3,21,0,269516.71,296777.66
3,21,15,272411.26,296777.66
3,21,30,275601.05,296777.66
3,21,45,278488.18,296777.66
3,22,0,281237.5,296777.66
3,22,15,284397.45,296777.66
3,22,30,287560.39,296777.66
3,22,45,290612.03,296777.66
3,23,0,293516.74,296777.66
3,23,15,294474.84,296777.66
3,23,30,295143.83,296777.66
3,23,45,295979.78,296777.66
4,0,0,13.32,298573.83
4,0,15,668.67,298573.83
4,0,30,1387.54,298573.83
4,0,45,2050.33,298573.83
4,1,0,2692.7,298573.83
4,1,15,3578.38,298573.83
4,1,30,4363.2,298573.83
4,1,45,5040.21,298573.83
4,2,0,5843.96,298573.83
4,2,15,6603.89,298573.83
4,2,30,7301.23,298573.83
4,2,45,8022.15,298573.83
4,3,0,8691.29,298573.83
4,3,15,9435.74,298573.83
4,3,30,10117.2,298573.83
4,3,45,10903.48,298573.83
4,4,0,11540.97,298573.83
4,4,15,12240.0,298573.83
4,4,30,12948.8,298573.83
4,4,45,13592.5,298573.83
4,5,0,14412.62,298573.83
4,5,15,15051.71,298573.83
4,5,30,15866.97,298573.83
4,5,45,16656.05,298573.83
4,6,0,17575.73,298573.83
4,6,15,20796.6,298573.83
4,6,30,23984.7,298573.83
4,6,45,26797.61,298573.83
4,7,0,30109.77,298573.83
4,7,15,32965.77,298573.83
4,7,30,36110.99,298573.83
4,7,45,39051.61,298573.83
4,8,0,42080.45,298573.83
4,8,15,49623.82,298573.83
4,8,30,56925.13,298573.83
4,8,45,64179.18,298573.83
4,9,0,71738.39,298573.83
4,9,15,79522.79,298573.83
4,9,30,87344.01,298573.83
4,9,45,94768.11,298573.83
4,10,0,101989.73,298573.83
4,10,15,104833.89,298573.83
4,10,30,107681.32,298573.83
4,10,45,110639.81,298573.83
4,11,0,113911.31,298573.83
4,11,15,117012.16,298573.83
4,11,30,120136.33,298573.83
4,11,45,123563.64,298573.83
4,12,0,126420.97,298573.83
4,12,15,129370.53,298573.83
4,12,30,132239.83,298573.83
4,12,45,135158.94,298573.83
4,13,0,138165.35,298573.83
4,13,15,140908.69,298573.83
4,13,30,143679.59,298573.83
4,13,45,146372.04,298573.83
4,14,0,149483.51,298573.83
4,14,15,152268.92,298573.83
4,14,30,155296.57,298573.83
4,14,45,158456.44,298573.83
4,15,0,161484.68,298573.83
4,15,15,164474.14,298573.83
4,15,30,167826.61,298573.83
4,15,45,170757.29,298573.83
4,16,0,173926.74,298573.83
4,16,15,176893.65,298573.83
4,16,30,179400.54,298573.83
4,16,45,182174.71,298573.83
4,17,0,185728.59,298573.83
4,17,15,193607.28,298573.83
4,17,30,201523.74,298573.83
4,17,45,208643.27,298573.83
4,18,0,216673.08,298573.83
4,18,15,224778.64,298573.83
4,18,30,232204.8,298573.83
4,18,45,239750.09,298573.83
4,19,0,247114.61,298573.83
4,19,15,250245.27,298573.83
4,19,30,252651.24,298573.83
4,19,45,255558.27,298573.83
4,20,0,258423.3,298573.83
4,20,15,261868.31,298573.83
4,20,30,265253.75,298573.83
4,20,45,268170.66,298573.83
4,21,0,270907.46,298573.83
4,21,15,273959.36,298573.83
4,21,30,276711.98,298573.83
4,21,45,280040.38,298573.83
4,22,0,283326.93,298573.83
4,22,15,286118.46,298573.83
4,22,30,289117.69,298573.83
4,22,45,292393.66,298573.83
4,23,0,295280.95,298573.83
4,23,15,296114.71,298573.83
4,23,30,296946.11,298573.83
4,23,45,297777.32,298573.83
5,0,0,35.57,206746.39
5,0,15,521.14,206746.39
5,0,30,996.2,206746.39
5,0,45,1487.44,206746.39
5,1,0,1888.94,206746.39
5,1,15,2380.38,206746.39
5,1,30,2867.92,206746.39
5,1,45,3438.24,206746.39
5,2,0,3923.64,206746.39
5,2,15,4433.13,206746.39
5,2,30,4954.44,206746.39
5,2,45,5446.34,206746.39
5,3,0,5980.12,206746.39
5,3,15,6484.61,206746.39
5,3,30,7044.24,206746.39
5,3,45,7576.69,206746.39
5,4,0,7997.21,206746.39
5,4,15,8609.86,206746.39
5,4,30,9091.8,206746.39
5,4,45,9662.06,206746.39
5,5,0,10169.24,206746.39
5,5,15,10715.27,206746.39
5,5,30,11234.16,206746.39
5,5,45,11838.05,206746.39
5,6,0,12529.49,206746.39
5,6,15,14740.91,206746.39
5,6,30,16862.79,206746.39
5,6,45,18825.08,206746.39
5,7,0,20909.39,206746.39
5,7,15,22913.62,206746.39
5,7,30,25078.91,206746.39
5,7,45,27270.37,206746.39
5,8,0,29520.75,206746.39
5,8,15,34221.63,206746.39
5,8,30,39573.12,206746.39
5,8,45,44644.6,206746.39
5,9,0,50569.87,206746.39
5,9,15,55831.39,206746.39
5,9,30,61281.74,206746.39
5,9,45,66535.71,206746.39
5,10,0,71795.15,206746.39
5,10,15,74058.09,206746.39
5,10,30,76038.6,206746.39
5,10,45,78050.62,206746.39
5,11,0,80200.27,206746.39
5,11,15,82182.89,206746.39
5,11,30,84259.91,206746.39
5,11,45,86310.74,206746.39
5,12,0,88451.36,206746.39
5,12,15,90618.26,206746.39
5,12,30,92750.56,206746.39
5,12,45,95051.81,206746.39
5,13,0,96840.11,206746.39
5,13,15,98655.86,206746.39
5,13,30,100813.95,206746.39
5,13,45,102862.47,206746.39
5,14,0,105100.59,206746.39
5,14,15,107070.34,206746.39
5,14,30,109045.65,206746.39
5,14,45,110981.14,206746.39
5,15,0,113256.68,206746.39
5,15,15,115265.56,206746.39
5,15,30,117458.05,206746.39
5,15,45,119660.53,206746.39
5,16,0,121753.48,206746.39
5,16,15,123743.07,206746.39
5,16,30,126114.11,206746.39
5,16,45,128379.14,206746.39
5,17,0,130566.47,206746.39
5,17,15,135877.29,206746.39
5,17,30,141605.74,206746.39
5,17,45,146639.55,206746.39
5,18,0,151537.84,206746.39
5,18,15,156407.72,206746.39
5,18,30,161193.85,206746.39
5,18,45,166762.43,206746.39
5,19,0,171740.86,206746.39
5,19,15,173766.72,206746.39
5,19,30,175978.04,206746.39
5,19,45,178078.88,206746.39
5,20,0,180233.03,206746.39
5,20,15,182231.26,206746.39
5,20,30,184161.23,206746.39
5,20,45,186436.65,206746.39
5,21,0,188483.25,206746.39
5,21,15,190631.11,206746.39
5,21,30,192469.43,206746.39
5,21,45,194387.39,206746.39
5,22,0,196599.88,206746.39
5,22,15,198471.77,206746.39
5,22,30,200583.8,206746.39
5,22,45,202864.19,206746.39
5,23,0,204776.46,206746.39
5,23,15,205227.32,206746.39
5,23,30,205695.65,206746.39
5,23,45,206283.64,206746.39
6,0,0,43.32,205601.01
6,0,15,674.37,205601.01
6,0,30,1273.73,205601.01
6,0,45,1867.61,205601.01
6,1,0,2396.45,205601.01
6,1,15,2869.36,205601.01
6,1,30,3307.17,205601.01
6,1,45,3716.38,205601.01
6,2,0,4208.01,205601.01
6,2,15,4827.78,205601.01
6,2,30,5338.47,205601.01
6,2,45,5949.24,205601.01
6,3,0,6492.4,205601.01
6,3,15,7078.69,205601.01
6,3,30,7592.03,205601.01
6,3,45,8053.62,205601.01
6,4,0,8617.13,205601.01
6,4,15,9158.36,205601.01
6,4,30,9715.28,205601.01
6,4,45,10227.22,205601.01
6,5,0,10733.22,205601.01
6,5,15,11309.0,205601.01
6,5,30,11870.63,205601.01
6,5,45,12405.63,205601.01
6,6,0,13025.2,205601.01
6,6,15,15154.2,205601.01
6,6,30,17226.42,205601.01
6,6,45,19402.2,205601.01
6,7,0,21609.84,205601.01
6,7,15,23487.18,205601.01
6,7,30,25448.11,205601.01
6,7,45,27614.73,205601.01
6,8,0,30001.22,205601.01
6,8,15,35126.6,205601.01
6,8,30,40371.91,205601.01
6,8,45,45306.47,205601.01
6,9,0,50628.56,205601.01
6,9,15,55550.12,205601.01
6,9,30,60659.31,205601.01
6,9,45,65448.23,205601.01
6,10,0,70715.1,205601.01
6,10,15,72692.55,205601.01
6,10,30,74813.18,205601.01
6,10,45,76994.98,205601.01
6,11,0,78985.74,205601.01
6,11,15,81098.79,205601.01
6,11,30,83210.78,205601.01
6,11,45,85082.55,205601.01
6,12,0,87256.61,205601.01
6,12,15,89318.49,205601.01
6,12,30,91340.06,205601.01
6,12,45,93425.39,205601.01
6,13,0,95523.45,205601.01
6,13,15,97858.74,205601.01
6,13,30,99832.25,205601.01
6,13,45,101713.52,205601.01
6,14,0,103864.99,205601.01
6,14,15,105502.43,205601.01
6,14,30,107897.9,205601.01
6,14,45,110165.78,205601.01
6,15,0,112287.64,205601.01
6,15,15,114142.29,205601.01
6,15,30,116162.39,205601.01
6,15,45,118225.37,205601.01
6,16,0,120359.52,205601.01
6,16,15,122528.61,205601.01
6,16,30,124522.92,205601.01
6,16,45,126423.8,205601.01
6,17,0,128535.78,205601.01
6,17,15,133963.89,205601.01
6,17,30,139382.19,205601.01
6,17,45,144980.66,205601.01
6,18,0,150013.97,205601.01
6,18,15,155277.09,205601.01
6,18,30,160334.35,205601.01
6,18,45,165559.31,205601.01
6,19,0,170356.8,205601.01
6,19,15,172141.16,205601.01
6,19,30,174398.8,205601.01
6,19,45,176537.47,205601.01
6,20,0,178583.28,205601.01
6,20,15,180738.0,205601.01
6,20,30,182849.8,205601.01
6,20,45,184884.19,205601.01
6,21,0,186956.05,205601.01
6,21,15,189027.51,205601.01
6,21,30,190899.38,205601.01
6,21,45,192984.2,205601.01
6,22,0,194942.95,205601.01
6,22,15,196993.23,205601.01
6,22,30,199123.3,205601.01
6,22,45,201378.35,205601.01
6,23,0,203490.49,205601.01
6,23,15,204037.67,205601.01
6,23,30,204593.43,205601.01
6,23,45,205146.01,205601.01
0,0,0,47.33,295553.27
0,0,15,714.56,295553.27
0,0,30,1454.34,295553.27
0,0,45,2041.14,295553.27
0,1,0,2769.65,295553.27
0,1,15,3614.89,295553.27
0,1,30,4512.24,295553.27
0,1,45,5387.87,295553.27
0,2,0,6073.62,295553.27
0,2,15,6868.36,295553.27
0,2,30,7593.3,295553.27
0,2,45,8337.95,295553.27
0,3,0,9068.29,295553.27
0,3,15,9743.78,295553.27
0,3,30,10601.57,295553.27
0,3,45,11319.58,295553.27
0,4,0,12123.19,295553.27
0,4,15,12881.57,295553.27
0,4,30,13603.1,295553.27
0,4,45,14443.38,295553.27
0,5,0,15218.25,295553.27
0,5,15,15799.86,295553.27
0,5,30,16516.52,295553.27
0,5,45,17248.66,295553.27
0,6,0,18119.84,295553.27
0,6,15,20990.65,295553.27
0,6,30,23822.8,295553.27
0,6,45,26606.38,295553.27
0,7,0,29037.72,295553.27
0,7,15,32007.81,295553.27
0,7,30,34757.4,295553.27
0,7,45,37685.03,295553.27
0,8,0,41424.36,295553.27
0,8,15,49487.74,295553.27
0,8,30,57554.08,295553.27
0,8,45,65070.72,295553.27
0,9,0,71726.05,295553.27
0,9,15,79470.97,295553.27
0,9,30,86935.72,295553.27
0,9,45,94400.29,295553.27
0,10,0,101904.36,295553.27
0,10,15,105124.88,295553.27
0,10,30,108092.61,295553.27
0,10,45,110763.58,295553.27
0,11,0,113877.63,295553.27
0,11,15,117201.74,295553.27
0,11,30,119957.32,295553.27
0,11,45,122681.47,295553.27
0,12,0,125657.14,295553.27
0,12,15,128313.94,295553.27
0,12,30,131324.44,295553.27
0,12,45,134227.62,295553.27
0,13,0,137111.92,295553.27
0,13,15,140392.01,295553.27
0,13,30,143357.61,295553.27
0,13,45,146346.24,295553.27
0,14,0,149250.53,295553.27
0,14,15,152276.24,295553.27
0,14,30,155139.75,295553.27
0,14,45,158294.34,295553.27
0,15,0,161407.44,295553.27
0,15,15,164733.26,295553.27
0,15,30,167558.57,295553.27
0,15,45,170364.78,295553.27
0,16,0,173380.24,295553.27
0,16,15,176077.04,295553.27
0,16,30,179202.0,295553.27
0,16,45,182603.83,295553.27
0,17,0,185991.65,295553.27
0,17,15,193269.13,295553.27
0,17,30,201002.33,295553.27
0,17,45,208614.94,295553.27
0,18,0,216578.04,295553.27
0,18,15,223821.45,295553.27
0,18,30,231231.27,295553.27
0,18,45,238342.32,295553.27
0,19,0,245257.27,295553.27
0,19,15,248112.53,295553.27
0,19,30,251093.94,295553.27
0,19,45,254055.59,295553.27
0,20,0,256832.52,295553.27
0,20,15,259869.46,295553.27
0,20,30,262564.89,295553.27
0,20,45,265910.37,295553.27
0,21,0,269035.72,295553.27
0,21,15,271910.17,295553.27
0,21,30,274792.93,295553.27
0,21,45,277637.2,295553.27
0,22,0,280630.34,295553.27
0,22,15,283584.65,295553.27
0,22,30,286851.51,295553.27
0,22,45,289863.32,295553.27
0,23,0,292681.57,295553.27
0,23,15,293390.8,295553.27
0,23,30,294066.25,295553.27
0,23,45,294848.25,295553.27
1,0,0,57.85,296135.14
1,0,15,773.59,296135.14
1,0,30,1495.67,296135.14
1,0,45,2206.73,296135.14
1,1,0,3012.48,296135.14
1,1,15,3755.03,296135.14
1,1,30,4420.64,296135.14
1,1,45,5169.48,296135.14
1,2,0,6045.4,296135.14
1,2,15,6748.39,296135.14
1,2,30,7500.02,296135.14
1,2,45,8210.72,296135.14
1,3,0,8999.64,296135.14
1,3,15,9801.52,296135.14
1,3,30,10424.37,296135.14
1,3,45,11109.87,296135.14
1,4,0,11797.74,296135.14
1,4,15,12573.1,296135.14
1,4,30,13383.52,296135.14
1,4,45,14093.09,296135.14
1,5,0,14793.07,296135.14
1,5,15,15569.91,296135.14
1,5,30,16383.94,296135.14
1,5,45,17136.13,296135.14
1,6,0,18209.87,296135.14
1,6,15,21088.91,296135.14
1,6,30,23987.8,296135.14
1,6,45,26500.82,296135.14
1,7,0,29369.75,296135.14
1,7,15,32748.15,296135.14
1,7,30,35764.63,296135.14
1,7,45,38677.53,296135.14
1,8,0,41813.92,296135.14
1,8,15,49045.74,296135.14
1,8,30,57062.53,296135.14
1,8,45,63765.04,296135.14
1,9,0,70887.51,296135.14
1,9,15,78582.78,296135.14
1,9,30,86510.43,296135.14
1,9,45,94230.81,296135.14
1,10,0,100655.77,296135.14
1,10,15,103991.42,296135.14
1,10,30,107348.14,296135.14
1,10,45,110668.83,296135.14
1,11,0,113589.89,296135.14
1,11,15,116217.11,296135.14
1,11,30,119467.17,296135.14
1,11,45,122605.73,296135.14
1,12,0,125412.69,296135.14
1,12,15,128435.07,296135.14
1,12,30,131318.07,296135.14
1,12,45,134176.73,296135.14
1,13,0,137139.1,296135.14
1,13,15,140262.7,296135.14
1,13,30,143017.52,296135.14
1,13,45,146262.72,296135.14
1,14,0,149566.92,296135.14
1,14,15,152634.15,296135.14
1,14,30,155679.54,296135.14
1,14,45,158660.16,296135.14
1,15,0,161401.05,296135.14
1,15,15,164281.4,296135.14
1,15,30,167108.15,296135.14
1,15,45,170440.88,296135.14
1,16,0,173355.63,296135.14
1,16,15,175986.13,296135.14
1,16,30,179242.62,296135.14
1,16,45,182197.64,296135.14
1,17,0,185438.85,296135.14
1,17,15,193255.21,296135.14
1,17,30,201459.84,296135.14
1,17,45,209187.65,296135.14
1,18,0,216483.18,296135.14
1,18,15,223600.82,296135.14
1,18,30,230722.1,296135.14
1,18,45,238046.62,296135.14
1,19,0,245386.26,296135.14
1,19,15,248369.42,296135.14
1,19,30,251379.04,296135.14
1,19,45,254414.32,296135.14
1,20,0,257488.17,296135.14
1,20,15,260717.61,296135.14
1,20,30,263557.24,296135.14
1,20,45,266690.81,296135.14
1,21,0,269550.28,296135.14
1,21,15,272388.81,296135.14
1,21,30,275358.33,296135.14
1,21,45,278363.81,296135.14
1,22,0,281435.37,296135.14
1,22,15,284230.93,296135.14
1,22,30,287535.1,296135.14
1,22,45,290619.22,296135.14
1,23,0,293389.13,296135.14
1,23,15,294075.09,296135.14
1,23,30,294768.99,296135.14
1,23,45,295475.51,296135.14
2,0,0,39.11,296370.79
2,0,15,1125.12,296370.79
2,0,30,1853.86,296370.79
2,0,45,2530.19,296370.79
2,1,0,3174.78,296370.79
2,1,15,4061.03,296370.79
2,1,30,4852.63,296370.79
2,1,45,5546.46,296370.79
2,2,0,6273.0,296370.79
2,2,15,6985.97,296370.79
2,2,30,7807.37,296370.79
2,2,45,8637.59,296370.79
2,3,0,9509.04,296370.79
2,3,15,10238.52,296370.79
2,3,30,10859.86,296370.79
2,3,45,11660.21,296370.79
2,4,0,12364.23,296370.79
2,4,15,13138.44,296370.79
2,4,30,13773.59,296370.79
2,4,45,14589.54,296370.79
2,5,0,15319.84,296370.79
2,5,15,15971.79,296370.79
2,5,30,16691.44,296370.79
2,5,45,17270.16,296370.79
2,6,0,18293.17,296370.79
2,6,15,21232.64,296370.79
2,6,30,24169.57,296370.79
2,6,45,27263.82,296370.79
2,7,0,30380.31,296370.79
2,7,15,33666.21,296370.79
2,7,30,36468.46,296370.79
2,7,45,39333.13,296370.79
2,8,0,42260.11,296370.79
2,8,15,49795.91,296370.79
2,8,30,57330.84,296370.79
2,8,45,64947.33,296370.79
2,9,0,72811.47,296370.79
2,9,15,80200.16,296370.79
2,9,30,88252.87,296370.79
2,9,45,95538.84,296370.79
2,10,0,102315.1,296370.79
2,10,15,105103.35,296370.79
2,10,30,107969.55,296370.79
2,10,45,110910.42,296370.79
2,11,0,114005.42,296370.79
2,11,15,116888.85,296370.79
2,11,30,120193.32,296370.79
2,11,45,123031.83,296370.79
2,12,0,126161.33,296370.79
2,12,15,129214.97,296370.79
2,12,30,132385.13,296370.79
2,12,45,135467.13,296370.79
2,13,0,138121.7,296370.79
2,13,15,140883.56,296370.79
2,13,30,143784.19,296370.79
2,13,45,146685.45,296370.79
2,14,0,149738.21,296370.79
2,14,15,152604.28,296370.79
2,14,30,155840.1,296370.79
2,14,45,158817.75,296370.79
2,15,0,161714.66,296370.79
2,15,15,164679.43,296370.79
2,15,30,167596.44,296370.79
2,15,45,170895.92,296370.79
2,16,0,173536.21,296370.79
2,16,15,176597.9,296370.79
2,16,30,179644.45,296370.79
2,16,45,182679.3,296370.79
2,17,0,186111.85,296370.79
2,17,15,193180.6,296370.79
2,17,30,200981.68,296370.79
2,17,45,208524.96,296370.79
2,18,0,216174.37,296370.79
2,18,15,223629.28,296370.79
2,18,30,231399.48,296370.79
2,18,45,238971.98,296370.79
2,19,0,245988.77,296370.79
2,19,15,249226.0,296370.79
2,19,30,252212.11,296370.79
2,19,45,255307.45,296370.79
2,20,0,258569.95,296370.79
2,20,15,261871.57,296370.79
2,20,30,265143.25,296370.79
2,20,45,268082.44,296370.79
2,21,0,271152.68,296370.79
2,21,15,273817.52,296370.79
2,21,30,276752.13,296370.79
2,21,45,279582.42,296370.79
2,22,0,282413.06,296370.79
2,22,15,285285.49,296370.79
2,22,30,288063.71,296370.79
2,22,45,290814.52,296370.79
2,23,0,293521.91,296370.79
2,23,15,294257.64,296370.79
2,23,30,295033.2,296370.79
2,23,45,295812.97,296370.79
3,0,0,20.85,292684.65
3,0,15,776.22,292684.65
3,0,30,1468.52,292684.65
3,0,45,2327.89,292684.65
3,1,0,3154.01,292684.65
3,1,15,3920.91,292684.65
3,1,30,4670.56,292684.65
3,1,45,5471.07,292684.65
3,2,0,6119.25,292684.65
3,2,15,6840.58,292684.65
3,2,30,7455.57,292684.65
3,2,45,8166.16,292684.65
3,3,0,8810.99,292684.65
3,3,15,9620.44,292684.65
3,3,30,10390.53,292684.65
3,3,45,11089.18,292684.65
3,4,0,11917.36,292684.65
3,4,15,12607.62,292684.65
3,4,30,13366.13,292684.65
3,4,45,14081.98,292684.65
3,5,0,14868.86,292684.65
3,5,15,15667.74,292684.65
3,5,30,16375.6,292684.65
3,5,45,16996.73,292684.65
3,6,0,17815.32,292684.65
3,6,15,20610.7,292684.65
3,6,30,23631.55,292684.65
3,6,45,26767.27,292684.65
3,7,0,29693.1,292684.65
3,7,15,32493.84,292684.65
3,7,30,35536.15,292684.65
3,7,45,38227.8,292684.65
3,8,0,40889.05,292684.65
3,8,15,49203.1,292684.65
3,8,30,56606.22,292684.65
3,8,45,64170.58,292684.65
3,9,0,71789.13,292684.65
3,9,15,79219.83,292684.65
3,9,30,86877.84,292684.65
3,9,45,94693.19,292684.65
3,10,0,102059.67,292684.65
3,10,15,105300.13,292684.65
3,10,30,107849.06,292684.65
3,10,45,110481.29,292684.65
3,11,0,113397.4,292684.65
3,11,15,116321.81,292684.65
3,11,30,119292.5,292684.65
3,11,45,121900.63,292684.65
3,12,0,124746.69,292684.65
3,12,15,127595.46,292684.65
3,12,30,130554.3,292684.65
3,12,45,133620.49,292684.65
3,13,0,136475.25,292684.65
3,13,15,139386.12,292684.65
3,13,30,142520.07,292684.65
3,13,45,145603.66,292684.65
3,14,0,148428.12,292684.65
3,14,15,151495.94,292684.65
3,14,30,154602.67,292684.65
3,14,45,157480.06,292684.65
3,15,0,160428.95,292684.65
3,15,15,163105.82,292684.65
3,15,30,166209.12,292684.65
3,15,45,169030.73,292684.65
3,16,0,171890.59,292684.65
3,16,15,175041.57,292684.65
3,16,30,178184.93,292684.65
3,16,45,181243.25,292684.65
3,17,0,184566.2,292684.65
3,17,15,191664.42,292684.65
3,17,30,197741.17,292684.65
3,17,45,205331.47,292684.65
3,18,0,212249.95,292684.65
3,18,15,220186.76,292684.65
3,18,30,227565.01,292684.65
3,18,45,235254.63,292684.65
3,19,0,242184.95,292684.65
3,19,15,245169.61,292684.65
3,19,30,248378.84,292684.65
3,19,45,251357.01,292684.65
3,20,0,254297.93,292684.65
3,20,15,257409.77,292684.65
3,20,30,260241.0,292684.65
3,20,45,263135.61,292684.65
3,21,0,265861.54,292684.65
3,21,15,268840.88,292684.65
3,21,30,271976.92,292684.65
3,21,45,274836.07,292684.65
3,22,0,277741.5,292684.65
3,22,15,281037.0,292684.65
3,22,30,283956.36,292684.65
3,22,45,286916.28,292684.65
3,23,0,289637.9,292684.65
3,23,15,290467.92,292684.65
3,23,30,291295.29,292684.65
3,23,45,292067.83,292684.65
4,0,0,62.74,298003.71
4,0,15,965.8,298003.71
4,0,30,1772.09,298003.71
4,0,45,2527.21,298003.71
4,1,0,3344.52,298003.71
4,1,15,4181.79,298003.71
4,1,30,4945.59,298003.71
4,1,45,5784.67,298003.71
4,2,0,6479.96,298003.71
4,2,15,7258.03,298003.71
4,2,30,8091.75,298003.71
4,2,45,8850.52,298003.71
4,3,0,9686.15,298003.71
4,3,15,10418.27,298003.71
4,3,30,11048.44,298003.71
4,3,45,11703.99,298003.71
4,4,0,12354.99,298003.71
4,4,15,13155.51,298003.71
4,4,30,13916.58,298003.71
4,4,45,14684.36,298003.71
4,5,0,15422.48,298003.71
4,5,15,16178.84,298003.71
4,5,30,16990.72,298003.71
4,5,45,17625.43,298003.71
4,6,0,18565.03,298003.71
4,6,15,21662.05,298003.71
4,6,30,24394.32,298003.71
4,6,45,27241.86,298003.71
4,7,0,30343.98,298003.71
4,7,15,33398.31,298003.71
4,7,30,36424.37,298003.71
4,7,45,39439.76,298003.71
4,8,0,42737.73,298003.71
4,8,15,50869.28,298003.71
4,8,30,57079.14,298003.71
4,8,45,64725.81,298003.71
4,9,0,72506.65,298003.71
4,9,15,80310.26,298003.71
4,9,30,88327.34,298003.71
4,9,45,96004.77,298003.71
4,10,0,103580.14,298003.71
4,10,15,106291.35,298003.71
4,10,30,109229.42,298003.71
4,10,45,112088.22,298003.71
4,11,0,115292.07,298003.71
4,11,15,118245.02,298003.71
4,11,30,121409.94,298003.71
4,11,45,124116.21,298003.71
4,12,0,127263.58,298003.71
4,12,15,129997.67,298003.71
4,12,30,133086.53,298003.71
4,12,45,135983.18,298003.71
4,13,0,139104.86,298003.71
4,13,15,141630.92,298003.71
4,13,30,144719.02,298003.71
4,13,45,147584.79,298003.71
4,14,0,150529.12,298003.71
4,14,15,153659.21,298003.71
4,14,30,156654.3,298003.71
4,14,45,159980.45,298003.71
4,15,0,162881.43,298003.71
4,15,15,165686.37,298003.71
4,15,30,168511.64,298003.71
4,15,45,171710.97,298003.71
4,16,0,174841.4,298003.71
4,16,15,177610.74,298003.71
4,16,30,180664.14,298003.71
4,16,45,183747.83,298003.71
4,17,0,187160.8,298003.71
4,17,15,194860.21,298003.71
4,17,30,202428.45,298003.71
4,17,45,210067.01,298003.71
4,18,0,217674.44,298003.71
4,18,15,225067.1,298003.71
4,18,30,232196.99,298003.71
4,18,45,240421.77,298003.71
4,19,0,247786.05,298003.71
4,19,15,250635.3,298003.71
4,19,30,253543.83,298003.71
4,19,45,256893.09,298003.71
4,20,0,259981.74,298003.71
4,20,15,262753.04,298003.71
4,20,30,265499.03,298003.71
4,20,45,268267.47,298003.71
4,21,0,271240.34,298003.71
4,21,15,274393.81,298003.71
4,21,30,277092.43,298003.71
4,21,45,280309.78,298003.71
4,22,0,283277.98,298003.71
4,22,15,286321.42,298003.71
4,22,30,289198.27,298003.71
4,22,45,292217.67,298003.71
4,23,0,294968.24,298003.71
4,23,15,295759.84,298003.71
4,23,30,296533.82,298003.71
4,23,45,297314.13,298003.71
5,0,0,37.71,208143.84
5,0,15,506.32,208143.84
5,0,30,1071.82,208143.84
5,0,45,1543.82,208143.84
5,1,0,2164.89,208143.84
5,1,15,2705.04,208143.84
5,1,30,3193.55,208143.84
5,1,45,3757.03,208143.84
5,2,0,4328.23,208143.84
5,2,15,4918.22,208143.84
5,2,30,5500.99,208143.84
5,2,45,6005.27,208143.84
5,3,0,6579.99,208143.84
5,3,15,7110.96,208143.84
5,3,30,7666.93,208143.84
5,3,45,8232.44,208143.84
5,4,0,8768.77,208143.84
5,4,15,9341.8,208143.84
5,4,30,9797.25,208143.84
5,4,45,10415.44,208143.84
5,5,0,10981.74,208143.84
5,5,15,11451.75,208143.84
5,5,30,11972.1,208143.84
5,5,45,12464.37,208143.84
5,6,0,13184.77,208143.84
5,6,15,15039.54,208143.84
5,6,30,17243.47,208143.84
5,6,45,19334.07,208143.84
5,7,0,21115.79,208143.84
5,7,15,23035.41,208143.84
5,7,30,25036.74,208143.84
5,7,45,27214.07,208143.84
5,8,0,29401.52,208143.84
5,8,15,34421.64,208143.84
5,8,30,39477.27,208143.84
5,8,45,44663.45,208143.84
5,9,0,49959.4,208143.84
5,9,15,55415.19,208143.84
5,9,30,60682.66,208143.84
5,9,45,65683.82,208143.84
5,10,0,70853.44,208143.84
5,10,15,73102.7,208143.84
5,10,30,75158.66,208143.84
5,10,45,77301.82,208143.84
5,11,0,79520.97,208143.84
5,11,15,81652.59,208143.84
5,11,30,83898.7,208143.84
5,11,45,85918.42,208143.84
5,12,0,87929.52,208143.84
5,12,15,90195.77,208143.84
5,12,30,92275.89,208143.84
5,12,45,94513.93,208143.84
5,13,0,96519.87,208143.84
5,13,15,98760.32,208143.84
5,13,30,100849.68,208143.84
5,13,45,102863.56,208143.84
5,14,0,104877.27,208143.84
5,14,15,106835.13,208143.84
5,14,30,108776.98,208143.84
5,14,45,111209.38,208143.84
5,15,0,113158.07,208143.84
5,15,15,115212.12,208143.84
5,15,30,117136.55,208143.84
5,15,45,119239.41,208143.84
5,16,0,121131.99,208143.84
5,16,15,123268.91,208143.84
5,16,30,125160.0,208143.84
5,16,45,127178.54,208143.84
5,17,0,129498.8,208143.84
5,17,15,134895.91,208143.84
5,17,30,139964.07,208143.84
5,17,45,144879.99,208143.84
5,18,0,150079.75,208143.84
5,18,15,155639.5,208143.84
5,18,30,160795.01,208143.84
5,18,45,166514.16,208143.84
5,19,0,172139.97,208143.84
5,19,15,174322.82,208143.84
5,19,30,176681.89,208143.84
5,19,45,178743.05,208143.84
5,20,0,180864.93,208143.84
5,20,15,182936.71,208143.84
5,20,30,185033.37,208143.84
5,20,45,187084.51,208143.84
5,21,0,189023.67,208143.84
5,21,15,191106.11,208143.84
5,21,30,193262.89,208143.84
5,21,45,195348.32,208143.84
5,22,0,197313.17,208143.84
5,22,15,199555.99,208143.84
5,22,30,201718.1,208143.84
5,22,45,204105.5,208143.84
5,23,0,206119.97,208143.84
5,23,15,206640.78,208143.84
5,23,30,207185.66,208143.84
5,23,45,207647.12,208143.84
6,0,0,45.62,206943.44
6,0,15,564.31,206943.44
6,0,30,1124.78,206943.44
6,0,45,1671.95,206943.44
6,1,0,2131.4,206943.44
6,1,15,2708.91,206943.44
6,1,30,3231.33,206943.44
6,1,45,3774.53,206943.44
6,2,0,4281.38,206943.44
6,2,15,4769.61,206943.44
6,2,30,5261.62,206943.44
6,2,45,5861.04,206943.44
6,3,0,6472.53,206943.44
6,3,15,6956.31,206943.44
6,3,30,7509.03,206943.44
6,3,45,8143.05,206943.44
6,4,0,8692.11,206943.44
6,4,15,9277.24,206943.44
6,4,30,9715.45,206943.44
6,4,45,10257.15,206943.44
6,5,0,10750.41,206943.44
6,5,15,11191.23,206943.44
6,5,30,11677.63,206943.44
6,5,45,12248.81,206943.44
6,6,0,12910.83,206943.44
6,6,15,15037.15,206943.44
6,6,30,17268.93,206943.44
6,6,45,19470.7,206943.44
6,7,0,21389.37,206943.44
6,7,15,23550.28,206943.44
6,7,30,25489.11,206943.44
6,7,45,27469.69,206943.44
6,8,0,29713.38,206943.44
6,8,15,35100.98,206943.44
6,8,30,40253.71,206943.44
6,8,45,45175.13,206943.44
6,9,0,50616.19,206943.44
6,9,15,55428.86,206943.44
6,9,30,60895.1,206943.44
6,9,45,66106.55,206943.44
6,10,0,70742.27,206943.44
6,10,15,72839.15,206943.44
6,10,30,74984.45,206943.44
6,10,45,77203.97,206943.44
6,11,0,79358.17,206943.44
6,11,15,81435.17,206943.44
6,11,30,83378.4,206943.44
6,11,45,85416.51,206943.44
6,12,0,87571.99,206943.44
6,12,15,89602.87,206943.44
6,12,30,91916.21,206943.44
6,12,45,94130.49,206943.44
6,13,0,96052.27,206943.44
6,13,15,98081.18,206943.44
6,13,30,100173.75,206943.44
6,13,45,102365.35,206943.44
6,14,0,104673.8,206943.44
6,14,15,106636.51,206943.44
6,14,30,108805.88,206943.44
6,14,45,111148.16,206943.44
6,15,0,113244.53,206943.44
6,15,15,115394.0,206943.44
6,15,30,117665.21,206943.44
6,15,45,119731.09,206943.44
6,16,0,121840.64,206943.44
6,16,15,123753.81,206943.44
6,16,30,126044.93,206943.44
6,16,45,128258.46,206943.44
6,17,0,130496.53,206943.44
6,17,15,135893.69,206943.44
6,17,30,141239.52,206943.44
6,17,45,146001.1,206943.44
6,18,0,150902.01,206943.44
6,18,15,155884.57,206943.44
6,18,30,161163.94,206943.44
6,18,45,166014.5,206943.44
6,19,0,171044.82,206943.44
6,19,15,173154.15,206943.44
6,19,30,175288.01,206943.44
6,19,45,177192.86,206943.44
6,20,0,179180.08,206943.44
6,20,15,181267.77,206943.44
6,20,30,183333.93,206943.44
6,20,45,185410.75,206943.44
6,21,0,187520.07,206943.44
6,21,15,189713.56,206943.44
6,21,30,191757.41,206943.44
6,21,45,194074.77,206943.44
6,22,0,196255.41,206943.44
6,22,15,198369.62,206943.44
6,22,30,200556.55,206943.44
6,22,45,202854.16,206943.44
6,23,0,204678.84,206943.44
6,23,15,205236.03,206943.44
6,23,30,205810.63,206943.44
6,23,45,206447.27,206943.44
0,0,0,59.88,299654.56
0,0,15,808.85,299654.56
0,0,30,1582.87,299654.56
0,0,45,2244.38,299654.56
0,1,0,2971.85,299654.56
0,1,15,3644.33,299654.56
0,1,30,4388.0,299654.56
0,1,45,5203.43,299654.56
0,2,0,5960.15,299654.56
0,2,15,6629.81,299654.56
0,2,30,7495.53,299654.56
0,2,45,8285.62,299654.56
0,3,0,9070.3,299654.56
0,3,15,9784.11,299654.56
0,3,30,10641.27,299654.56
0,3,45,11458.68,299654.56
0,4,0,12247.14,299654.56
0,4,15,12855.79,299654.56
0,4,30,13660.87,299654.56
0,4,45,14524.55,299654.56
0,5,0,15253.79,299654.56
0,5,15,16078.97,299654.56
0,5,30,16689.56,299654.56
0,5,45,17444.5,299654.56
0,6,0,18468.57,299654.56
0,6,15,21426.32,299654.56
0,6,30,24413.49,299654.56
0,6,45,27504.51,299654.56
0,7,0,30509.87,299654.56
0,7,15,33560.04,299654.56
0,7,30,36446.02,299654.56
0,7,45,39278.17,299654.56
0,8,0,42726.38,299654.56
0,8,15,50496.14,299654.56
0,8,30,58103.2,299654.56
0,8,45,66039.33,299654.56
0,9,0,73662.69,299654.56
0,9,15,81886.68,299654.56
0,9,30,89985.57,299654.56
0,9,45,96736.87,299654.56
0,10,0,103696.94,299654.56
0,10,15,106979.11,299654.56
0,10,30,110367.56,299654.56
0,10,45,113502.3,299654.56
0,11,0,116424.93,299654.56
0,11,15,119532.43,299654.56
0,11,30,122212.02,299654.56
0,11,45,124967.08,299654.56
0,12,0,127884.1,299654.56
0,12,15,130909.3,299654.56
0,12,30,133981.0,299654.56
0,12,45,136662.81,299654.56
0,13,0,139633.87,299654.56
0,13,15,142354.28,299654.56
0,13,30,145342.07,299654.56
0,13,45,148389.0,299654.56
0,14,0,151482.54,299654.56
0,14,15,154461.6,299654.56
0,14,30,157631.03,299654.56
0,14,45,160441.1,299654.56
0,15,0,163350.9,299654.56
0,15,15,166368.46,299654.56
0,15,30,169162.4,299654.56
0,15,45,172246.09,299654.56
0,16,0,175043.0,299654.56
0,16,15,177811.55,299654.56
0,16,30,180831.14,299654.56
0,16,45,183673.78,299654.56
0,17,0,186982.2,299654.56
0,17,15,194299.28,299654.56
0,17,30,201854.09,299654.56
0,17,45,209549.37,299654.56
0,18,0,217533.66,299654.56
0,18,15,226102.4,299654.56
0,18,30,234153.19,299654.56
0,18,45,240993.56,299654.56
0,19,0,248168.95,299654.56
0,19,15,250888.16,299654.56
0,19,30,253726.88,299654.56
0,19,45,256709.1,299654.56
0,20,0,259735.16,299654.56
0,20,15,262658.44,299654.56
0,20,30,265652.99,299654.56
0,20,45,268924.5,299654.56
0,21,0,272033.53,299654.56
0,21,15,274983.29,299654.56
0,21,30,278445.85,299654.56
0,21,45,281492.61,299654.56
0,22,0,284547.88,299654.56
0,22,15,287606.9,299654.56
0,22,30,290696.81,299654.56
0,22,45,294020.05,299654.56
0,23,0,296589.95,299654.56
0,23,15,297477.32,299654.56
0,23,30,298146.44,299654.56
0,23,45,298917.25,299654.56
1,0,0,57.48,298198.89
1,0,15,854.54,298198.89
1,0,30,1715.43,298198.89
1,0,45,2441.99,298198.89
1,1,0,3184.89,298198.89
1,1,15,3879.42,298198.89
1,1,30,4715.29,298198.89
1,1,45,5473.44,298198.89
1,2,0,6216.1,298198.89
1,2,15,6992.42,298198.89
1,2,30,7686.65,298198.89
1,2,45,8374.4,298198.89
1,3,0,9043.5,298198.89
1,3,15,9787.6,298198.89
1,3,30,10446.94,298198.89
1,3,45,11257.02,298198.89
1,4,0,12033.11,298198.89
1,4,15,12839.58,298198.89
1,4,30,13464.98,298198.89
1,4,45,14292.28,298198.89
1,5,0,15002.62,298198.89
1,5,15,15868.78,298198.89
1,5,30,16617.51,298198.89
1,5,45,17457.4,298198.89
1,6,0,18344.66,298198.89
1,6,15,21282.74,298198.89
1,6,30,24416.78,298198.89
1,6,45,27518.88,298198.89
1,7,0,30429.24,298198.89
1,7,15,33498.28,298198.89
1,7,30,36440.08,298198.89
1,7,45,39262.93,298198.89
1,8,0,42539.51,298198.89
1,8,15,49995.54,298198.89
1,8,30,56885.34,298198.89
1,8,45,64793.48,298198.89
1,9,0,72719.64,298198.89
1,9,15,80439.91,298198.89
1,9,30,87870.69,298198.89
1,9,45,95301.08,298198.89
1,10,0,103204.79,298198.89
1,10,15,106018.15,298198.89
1,10,30,109286.48,298198.89
1,10,45,112410.73,298198.89
1,11,0,115349.13,298198.89
1,11,15,118185.6,298198.89
1,11,30,121027.32,298198.89
1,11,45,124360.81,298198.89
1,12,0,127468.77,298198.89
1,12,15,130638.59,298198.89
1,12,30,133796.95,298198.89
1,12,45,136926.43,298198.89
1,13,0,139991.67,298198.89
1,13,15,143161.72,298198.89
1,13,30,145916.43,298198.89
1,13,45,148962.84,298198.89
1,14,0,152136.65,298198.89
1,14,15,155412.08,298198.89
1,14,30,158761.89,298198.89
1,14,45,161322.33,298198.89
1,15,0,164348.75,298198.89
1,15,15,167409.56,298198.89
1,15,30,170373.84,298198.89
1,15,45,173278.32,298198.89
1,16,0,176028.62,298198.89
1,16,15,178834.69,298198.89
1,16,30,181815.34,298198.89
1,16,45,185002.26,298198.89
1,17,0,188396.3,298198.89
1,17,15,196478.82,298198.89
1,17,30,204251.38,298198.89
1,17,45,211782.9,298198.89
1,18,0,218620.19,298198.89
1,18,15,225714.17,298198.89
1,18,30,233591.39,298198.89
1,18,45,240875.86,298198.89
1,19,0,248121.51,298198.89
1,19,15,251136.45,298198.89
1,19,30,254189.03,298198.89
1,19,45,257076.37,298198.89
1,20,0,260139.11,298198.89
1,20,15,262957.45,298198.89
1,20,30,266160.02,298198.89
1,20,45,269315.45,298198.89
1,21,0,272009.4,298198.89
1,21,15,274952.7,298198.89
1,21,30,277857.06,298198.89
1,21,45,280821.44,298198.89
1,22,0,283398.89,298198.89
1,22,15,286363.73,298198.89
1,22,30,289225.56,298198.89
1,22,45,292151.77,298198.89
1,23,0,295060.86,298198.89
1,23,15,295804.27,298198.89
1,23,30,296566.12,298198.89
1,23,45,297366.27,298198.89
2,0,0,78.17,298009.81
2,0,15,778.39,298009.81
2,0,30,1536.67,298009.81
2,0,45,2158.74,298009.81
2,1,0,3017.82,298009.81
2,1,15,3965.64,298009.81
2,1,30,4697.46,298009.81
2,1,45,5389.98,298009.81
2,2,0,6097.5,298009.81
2,2,15,6683.13,298009.81
2,2,30,7448.89,298009.81
2,2,45,8256.0,298009.81
2,3,0,8993.3,298009.81
2,3,15,9590.43,298009.81
2,3,30,10350.42,298009.81
2,3,45,11098.71,298009.81
2,4,0,11808.57,298009.81
2,4,15,12758.08,298009.81
2,4,30,13496.27,298009.81
2,4,45,14331.38,298009.81
2,5,0,15079.06,298009.81
2,5,15,15751.89,298009.81
2,5,30,16404.6,298009.81
2,5,45,17198.49,298009.81
2,6,0,18006.21,298009.81
2,6,15,21076.44,298009.81
2,6,30,24216.73,298009.81
2,6,45,27098.1,298009.81
2,7,0,29752.26,298009.81
2,7,15,32539.37,298009.81
2,7,30,35529.2,298009.81
2,7,45,38754.79,298009.81
2,8,0,42026.35,298009.81
2,8,15,49765.35,298009.81
2,8,30,57050.92,298009.81
2,8,45,64666.98,298009.81
2,9,0,72390.57,298009.81
2,9,15,79942.8,298009.81
2,9,30,87528.59,298009.81
2,9,45,94871.02,298009.81
2,10,0,103106.49,298009.81
2,10,15,106186.39,298009.81
2,10,30,109169.34,298009.81
2,10,45,112179.45,298009.81
2,11,0,115270.36,298009.81
2,11,15,118422.64,298009.81
2,11,30,121471.32,298009.81
2,11,45,124487.05,298009.81
2,12,0,127189.01,298009.81
2,12,15,130343.13,298009.81
2,12,30,133413.43,298009.81
2,12,45,136150.24,298009.81
2,13,0,139408.66,298009.81
2,13,15,142503.77,298009.81
2,13,30,145753.33,298009.81
2,13,45,148403.26,298009.81
2,14,0,151558.19,298009.81
2,14,15,154239.6,298009.81
2,14,30,157346.18,298009.81
2,14,45,160629.68,298009.81
2,15,0,163865.85,298009.81
2,15,15,166711.73,298009.81
2,15,30,169804.61,298009.81
2,15,45,172949.39,298009.81
2,16,0,175827.62,298009.81
2,16,15,178886.93,298009.81
2,16,30,182438.19,298009.81
2,16,45,185097.81,298009.81
2,17,0,188228.26,298009.81
2,17,15,195778.36,298009.81
2,17,30,202754.24,298009.81
2,17,45,209907.94,298009.81
2,18,0,217332.26,298009.81
2,18,15,225081.08,298009.81
2,18,30,232659.58,298009.81
2,18,45,239948.06,298009.81
2,19,0,247196.15,298009.81
2,19,15,250401.38,298009.81
2,19,30,253614.39,298009.81
2,19,45,256791.79,298009.81
2,20,0,259797.51,298009.81
2,20,15,262692.86,298009.81
2,20,30,265864.9,298009.81
2,20,45,268896.29,298009.81
2,21,0,271873.26,298009.81
2,21,15,274590.1,298009.81
2,21,30,277592.06,298009.81
2,21,45,280408.87,298009.81
2,22,0,283513.41,298009.81
2,22,15,286439.78,298009.81
2,22,30,289459.91,298009.81
2,22,45,292367.14,298009.81
2,23,0,295197.51,298009.81
2,23,15,295882.79,298009.81
2,23,30,296593.62,298009.81
2,23,45,297290.36,298009.81
3,0,0,55.09,295975.02
3,0,15,685.0,295975.02
3,0,30,1574.59,295975.02
3,0,45,2306.67,295975.02
3,1,0,3045.28,295975.02
3,1,15,3927.21,295975.02
3,1,30,4600.18,295975.02
3,1,45,5210.51,295975.02
3,2,0,5889.03,295975.02
3,2,15,6609.8,295975.02
3,2,30,7404.82,295975.02
3,2,45,8280.98,295975.02
3,3,0,8994.08,295975.02
3,3,15,9776.99,295975.02
3,3,30,10610.52,295975.02
3,3,45,11292.53,295975.02
3,4,0,11960.17,295975.02
3,4,15,12724.15,295975.02
3,4,30,13500.69,295975.02
3,4,45,14090.28,295975.02
3,5,0,14901.19,295975.02
3,5,15,15746.7,295975.02
3,5,30,16642.32,295975.02
3,5,45,17375.09,295975.02
3,6,0,18193.37,295975.02
3,6,15,21441.34,295975.02
3,6,30,24525.57,295975.02
3,6,45,27371.78,295975.02
3,7,0,30223.79,295975.02
3,7,15,33334.37,295975.02
3,7,30,36465.25,295975.02
3,7,45,39629.3,295975.02
3,8,0,43017.84,295975.02
3,8,15,50119.49,295975.02
3,8,30,57253.62,295975.02
3,8,45,64448.57,295975.02
3,9,0,72607.29,295975.02
3,9,15,79937.54,295975.02
3,9,30,87465.19,295975.02
3,9,45,95357.47,295975.02
3,10,0,101788.77,295975.02
3,10,15,104797.6,295975.02
3,10,30,107845.3,295975.02
3,10,45,110769.16,295975.02
3,11,0,113458.86,295975.02
3,11,15,116351.58,295975.02
3,11,30,119496.67,295975.02
3,11,45,122110.53,295975.02
3,12,0,125328.38,295975.02
3,12,15,128392.24,295975.02
3,12,30,131465.33,295975.02
3,12,45,134633.02,295975.02
3,13,0,137416.83,295975.02
3,13,15,140412.98,295975.02
3,13,30,143308.71,295975.02
3,13,45,146228.09,295975.02
3,14,0,148831.5,295975.02
3,14,15,151818.74,295975.02
3,14,30,154755.83,295975.02
3,14,45,157524.64,295975.02
3,15,0,160641.79,295975.02
3,15,15,163980.55,295975.02
3,15,30,166950.02,295975.02
3,15,45,170107.79,295975.02
3,16,0,173270.1,295975.02
3,16,15,176031.63,295975.02
3,16,30,179021.06,295975.02
3,16,45,181839.7,295975.02
3,17,0,185047.76,295975.02
3,17,15,192038.1,295975.02
3,17,30,199660.77,295975.02
3,17,45,207394.45,295975.02
3,18,0,214934.31,295975.02
3,18,15,222678.36,295975.02
3,18,30,230040.95,295975.02
3,18,45,237105.0,295975.02
3,19,0,244049.64,295975.02
3,19,15,247058.65,295975.02
3,19,30,250213.76,295975.02
3,19,45,253448.37,295975.02
3,20,0,256558.32,295975.02
3,20,15,259657.32,295975.02
3,20,30,262784.82,295975.02
3,20,45,265514.22,295975.02
3,21,0,268452.08,295975.02
3,21,15,271427.69,295975.02
3,21,30,274450.67,295975.02
3,21,45,277829.12,295975.02
3,22,0,280890.66,295975.02
3,22,15,283892.48,295975.02
3,22,30,287109.59,295975.02
3,22,45,290142.38,295975.02
3,23,0,292939.39,295975.02
3,23,15,293857.08,295975.02
3,23,30,294640.6,295975.02
3,23,45,295300.32,295975.02
4,0,0,91.08,295482.42
4,0,15,862.86,295482.42
4,0,30,1683.67,295482.42
4,0,45,2453.8,295482.42
4,1,0,3043.37,295482.42
4,1,15,3800.62,295482.42
4,1,30,4447.95,295482.42
4,1,45,5114.52,295482.42
4,2,0,5799.23,295482.42
4,2,15,6502.78,295482.42
4,2,30,7164.09,295482.42
4,2,45,7890.86,295482.42
4,3,0,8724.71,295482.42
4,3,15,9488.21,295482.42
4,3,30,10307.36,295482.42
4,3,45,11049.87,295482.42
4,4,0,11842.15,295482.42
4,4,15,12619.83,295482.42
4,4,30,13524.64,295482.42
4,4,45,14276.94,295482.42
4,5,0,14893.96,295482.42
4,5,15,15613.2,295482.42
4,5,30,16375.89,295482.42
4,5,45,17099.64,295482.42
4,6,0,18142.98,295482.42
4,6,15,21382.0,295482.42
4,6,30,24127.5,295482.42
4,6,45,27130.54,295482.42
4,7,0,29993.77,295482.42
4,7,15,33044.72,295482.42
4,7,30,36059.43,295482.42
4,7,45,39081.19,295482.42
4,8,0,42354.97,295482.42
4,8,15,49946.04,295482.42
4,8,30,57777.3,295482.42
4,8,45,65415.88,295482.42
4,9,0,72409.18,295482.42
4,9,15,79330.11,295482.42
4,9,30,86610.23,295482.42
4,9,45,93893.73,295482.42
4,10,0,100921.22,295482.42
4,10,15,103894.58,295482.42
4,10,30,107238.98,295482.42
4,10,45,110232.39,295482.42
4,11,0,113560.55,295482.42
4,11,15,116690.11,295482.42
4,11,30,119604.58,295482.42
4,11,45,122233.22,295482.42
4,12,0,125096.74,295482.42
4,12,15,128115.75,295482.42
4,12,30,131126.73,295482.42
4,12,45,134136.16,295482.42
4,13,0,137136.61,295482.42
4,13,15,140479.28,295482.42
4,13,30,143437.3,295482.42
4,13,45,146110.79,295482.42
4,14,0,149290.9,295482.42
4,14,15,152227.01,295482.42
4,14,30,155002.22,295482.42
4,14,45,158250.25,295482.42
4,15,0,161088.15,295482.42
4,15,15,163921.99,295482.42
4,15,30,166948.72,295482.42
4,15,45,170067.08,295482.42
4,16,0,172955.43,295482.42
4,16,15,175969.73,295482.42
4,16,30,178916.28,295482.42
4,16,45,182008.2,295482.42
4,17,0,185227.37,295482.42
4,17,15,192399.63,295482.42
4,17,30,199980.21,295482.42
4,17,45,207647.13,295482.42
4,18,0,215212.18,295482.42
4,18,15,222090.06,295482.42
4,18,30,229782.1,295482.42
4,18,45,237355.01,295482.42
4,19,0,244482.45,295482.42
4,19,15,247226.33,295482.42
4,19,30,250358.12,295482.42
4,19,45,253367.07,295482.42
4,20,0,256416.96,295482.42
4,20,15,259136.93,295482.42
4,20,30,261890.76,295482.42
4,20,45,264941.84,295482.42
4,21,0,268156.1,295482.42
4,21,15,271223.32,295482.42
4,21,30,274361.48,295482.42
4,21,45,277264.44,295482.42
4,22,0,280340.39,295482.42
4,22,15,283377.34,295482.42
4,22,30,286347.13,295482.42
4,22,45,289512.11,295482.42
4,23,0,292548.75,295482.42
4,23,15,293341.92,295482.42
4,23,30,294089.29,295482.42
4,23,45,294762.31,295482.42
5,0,0,33.35,210760.9
5,0,15,552.62,210760.9
5,0,30,1100.69,210760.9
5,0,45,1673.61,210760.9
5,1,0,2262.32,210760.9
5,1,15,2869.83,210760.9
5,1,30,3388.85,210760.9
5,1,45,3930.48,210760.9
5,2,0,4411.42,210760.9
5,2,15,4997.68,210760.9
5,2,30,5502.57,210760.9
5,2,45,5951.77,210760.9
5,3,0,6458.66,210760.9
5,3,15,7001.23,210760.9
5,3,30,7465.22,210760.9
5,3,45,7943.34,210760.9
5,4,0,8397.75,210760.9
5,4,15,8907.11,210760.9
5,4,30,9408.26,210760.9
5,4,45,9963.47,210760.9
5,5,0,10521.76,210760.9
5,5,15,11075.99,210760.9
5,5,30,11545.45,210760.9
5,5,45,11999.11,210760.9
5,6,0,12672.31,210760.9
5,6,15,14899.71,210760.9
5,6,30,16965.9,210760.9
5,6,45,19156.94,210760.9
5,7,0,21140.41,210760.9
5,7,15,23419.72,210760.9
5,7,30,25525.76,210760.9
5,7,45,27693.53,210760.9
5,8,0,30012.67,210760.9
5,8,15,35389.32,210760.9
5,8,30,40712.71,210760.9
5,8,45,45897.47,210760.9
5,9,0,51049.63,210760.9
5,9,15,56095.75,210760.9
5,9,30,61491.71,210760.9
5,9,45,66543.29,210760.9
5,10,0,72066.48,210760.9
5,10,15,74185.92,210760.9
5,10,30,76342.29,210760.9
5,10,45,78193.97,210760.9
5,11,0,80428.36,210760.9
5,11,15,82689.19,210760.9
5,11,30,85074.46,210760.9
5,11,45,87442.05,210760.9
5,12,0,89514.25,210760.9
5,12,15,91664.84,210760.9
5,12,30,93781.71,210760.9
5,12,45,95778.6,210760.9
5,13,0,98078.29,210760.9
5,13,15,100054.18,210760.9
5,13,30,101884.08,210760.9
5,13,45,104058.44,210760.9
5,14,0,106205.17,210760.9
5,14,15,108341.05,210760.9
5,14,30,110314.41,210760.9
5,14,45,112681.74,210760.9
5,15,0,114730.21,210760.9
5,15,15,116733.41,210760.9
5,15,30,118823.68,210760.9
5,15,45,121208.96,210760.9
5,16,0,123328.7,210760.9
5,16,15,125416.21,210760.9
5,16,30,127500.33,210760.9
5,16,45,129708.15,210760.9
5,17,0,131707.5,210760.9
5,17,15,136814.92,210760.9
5,17,30,142349.42,210760.9
5,17,45,148226.02,210760.9
5,18,0,153937.73,210760.9
5,18,15,159484.43,210760.9
5,18,30,164649.36,210760.9
5,18,45,170389.33,210760.9
5,19,0,175331.42,210760.9
5,19,15,177481.19,210760.9
5,19,30,179688.86,210760.9
5,19,45,181722.53,210760.9
5,20,0,183675.4,210760.9
5,20,15,185841.37,210760.9
5,20,30,187840.83,210760.9
5,20,45,189767.7,210760.9
5,21,0,191927.38,210760.9
5,21,15,193909.94,210760.9
5,21,30,195960.55,210760.9
5,21,45,198185.25,210760.9
5,22,0,200334.85,210760.9
5,22,15,202422.29,210760.9
5,22,30,204491.4,210760.9
5,22,45,206554.19,210760.9
5,23,0,208576.43,210760.9
5,23,15,209011.99,210760.9
5,23,30,209619.94,210760.9
5,23,45,210182.73,210760.9
6,0,0,66.56,208949.5
6,0,15,546.43,208949.5
6,0,30,1051.17,208949.5
6,0,45,1555.84,208949.5
6,1,0,2028.64,208949.5
6,1,15,2473.97,208949.5
6,1,30,2993.06,208949.5
6,1,45,3510.21,208949.5
6,2,0,3980.17,208949.5
6,2,15,4602.59,208949.5
6,2,30,5156.76,208949.5
6,2,45,5677.0,208949.5
6,3,0,6166.35,208949.5
6,3,15,6613.0,208949.5
6,3,30,7081.45,208949.5
6,3,45,7640.19,208949.5
6,4,0,8113.86,208949.5
6,4,15,8578.07,208949.5
6,4,30,9075.82,208949.5
6,4,45,9749.55,208949.5
6,5,0,10221.24,208949.5
6,5,15,10710.42,208949.5
6,5,30,11163.23,208949.5
6,5,45,11620.07,208949.5
6,6,0,12221.64,208949.5
6,6,15,14272.0,208949.5
6,6,30,16453.39,208949.5
6,6,45,18630.33,208949.5
6,7,0,20527.78,208949.5
6,7,15,22671.32,208949.5
6,7,30,24898.59,208949.5
6,7,45,26960.87,208949.5
6,8,0,29543.1,208949.5
6,8,15,34443.68,208949.5
6,8,30,39886.54,208949.5
6,8,45,45338.5,208949.5
6,9,0,50105.37,208949.5
6,9,15,54981.95,208949.5
6,9,30,60455.01,208949.5
6,9,45,65920.77,208949.5
6,10,0,70791.01,208949.5
6,10,15,72837.0,208949.5
6,10,30,74922.75,208949.5
6,10,45,76876.29,208949.5
6,11,0,79161.07,208949.5
6,11,15,81182.4,208949.5
6,11,30,83066.95,208949.5
6,11,45,85234.44,208949.5
6,12,0,87445.91,208949.5
6,12,15,89414.42,208949.5
6,12,30,91562.84,208949.5
6,12,45,93679.27,208949.5
6,13,0,95835.3,208949.5
6,13,15,97830.76,208949.5
6,13,30,99904.68,208949.5
6,13,45,101948.68,208949.5
6,14,0,103987.79,208949.5
6,14,15,106111.8,208949.5
6,14,30,108199.65,208949.5
6,14,45,110299.59,208949.5
6,15,0,112710.55,208949.5
6,15,15,114591.43,208949.5
6,15,30,116799.48,208949.5
6,15,45,119105.62,208949.5
6,16,0,121108.85,208949.5
6,16,15,122992.21,208949.5
6,16,30,125040.36,208949.5
6,16,45,127274.99,208949.5
6,17,0,129350.31,208949.5
6,17,15,134534.52,208949.5
6,17,30,139826.6,208949.5
6,17,45,145464.42,208949.5
6,18,0,150745.18,208949.5
6,18,15,155829.74,208949.5
6,18,30,161310.38,208949.5
6,18,45,166702.16,208949.5
6,19,0,172020.9,208949.5
6,19,15,174119.93,208949.5
6,19,30,176217.13,208949.5
6,19,45,178301.92,208949.5
6,20,0,180515.83,208949.5
6,20,15,183015.81,208949.5
6,20,30,185206.7,208949.5
6,20,45,187345.49,208949.5
6,21,0,189577.13,208949.5
6,21,15,191859.95,208949.5
6,21,30,193977.51,208949.5
6,21,45,196038.3,208949.5
6,22,0,198419.5,208949.5
6,22,15,200488.33,208949.5
6,22,30,202575.83,208949.5
6,22,45,204701.09,208949.5
6,23,0,206754.26,208949.5
6,23,15,207326.92,208949.5
6,23,30,207858.47,208949.5
6,23,45,208478.45,208949.5
0,0,0,49.92,294258.63
0,0,15,856.81,294258.63
0,0,30,1567.34,294258.63
0,0,45,2304.45,294258.63
0,1,0,3021.28,294258.63
0,1,15,3762.83,294258.63
0,1,30,4550.02,294258.63
0,1,45,5210.33,294258.63
0,2,0,5958.54,294258.63
0,2,15,6716.55,294258.63
0,2,30,7629.68,294258.63
0,2,45,8283.75,294258.63
0,3,0,9013.67,294258.63
0,3,15,9768.69,294258.63
0,3,30,10418.7,294258.63
0,3,45,11129.49,294258.63
0,4,0,11865.09,294258.63
0,4,15,12623.24,294258.63
0,4,30,13486.52,294258.63
0,4,45,14299.26,294258.63
0,5,0,15093.53,294258.63
0,5,15,15796.06,294258.63
0,5,30,16456.42,294258.63
0,5,45,17110.8,294258.63
0,6,0,18108.44,294258.63
0,6,15,20746.05,294258.63
0,6,30,23460.42,294258.63
0,6,45,26642.27,294258.63
0,7,0,29684.67,294258.63
0,7,15,32531.83,294258.63
0,7,30,35308.35,294258.63
0,7,45,38102.33,294258.63
0,8,0,41457.36,294258.63
0,8,15,48564.68,294258.63
0,8,30,55799.24,294258.63
0,8,45,62910.95,294258.63
0,9,0,70367.75,294258.63
0,9,15,77952.52,294258.63
0,9,30,85583.17,294258.63
0,9,45,92588.38,294258.63
0,10,0,99765.03,294258.63
0,10,15,103082.82,294258.63
0,10,30,106136.46,294258.63
0,10,45,109152.03,294258.63
0,11,0,111986.88,294258.63
0,11,15,114931.59,294258.63
0,11,30,118034.43,294258.63
0,11,45,120957.48,294258.63
0,12,0,123587.13,294258.63
0,12,15,126534.88,294258.63
0,12,30,129412.54,294258.63
0,12,45,132280.13,294258.63
0,13,0,135535.51,294258.63
0,13,15,138462.67,294258.63
0,13,30,141303.86,294258.63
0,13,45,144097.79,294258.63
0,14,0,147210.39,294258.63
0,14,15,150436.79,294258.63
0,14,30,153737.14,294258.63
0,14,45,156656.36,294258.63
0,15,0,159672.84,294258.63
0,15,15,162813.7,294258.63
0,15,30,166298.24,294258.63
0,15,45,169084.38,294258.63
0,16,0,171932.7,294258.63
0,16,15,175034.18,294258.63
0,16,30,177708.99,294258.63
0,16,45,180942.93,294258.63
0,17,0,184137.18,294258.63
0,17,15,191600.52,294258.63
0,17,30,199877.63,294258.63
0,17,45,207034.27,294258.63
0,18,0,215326.92,294258.63
0,18,15,222728.22,294258.63
0,18,30,229839.7,294258.63
0,18,45,236925.61,294258.63
0,19,0,244085.39,294258.63
0,19,15,246889.03,294258.63
0,19,30,249764.23,294258.63
0,19,45,253149.87,294258.63
0,20,0,256043.31,294258.63
0,20,15,259032.78,294258.63
0,20,30,261803.2,294258.63
0,20,45,264380.35,294258.63
0,21,0,267163.46,294258.63
0,21,15,270606.96,294258.63
0,21,30,273573.54,294258.63
0,21,45,276601.96,294258.63
0,22,0,279700.56,294258.63
0,22,15,282834.42,294258.63
0,22,30,285698.16,294258.63
0,22,45,288772.96,294258.63
0,23,0,291503.36,294258.63
0,23,15,292201.36,294258.63
0,23,30,292836.12,294258.63
0,23,45,293569.71,294258.63
1,0,0,60.22,301351.12
1,0,15,747.91,301351.12
1,0,30,1510.24,301351.12
1,0,45,2248.26,301351.12
1,1,0,2893.74,301351.12
1,1,15,3613.79,301351.12
1,1,30,4480.19,301351.12
1,1,45,5290.46,301351.12
1,2,0,6079.67,301351.12
1,2,15,6817.49,301351.12
1,2,30,7568.19,301351.12
1,2,45,8357.27,301351.12
1,3,0,9160.76,301351.12
1,3,15,9945.94,301351.12
1,3,30,10698.53,301351.12
1,3,45,11526.21,301351.12
1,4,0,12203.42,301351.12
1,4,15,12920.71,301351.12
1,4,30,13603.79,301351.12
1,4,45,14339.77,301351.12
1,5,0,15107.32,301351.12
1,5,15,15871.42,301351.12
1,5,30,16556.97,301351.12
1,5,45,17291.09,301351.12
1,6,0,18114.65,301351.12
1,6,15,21130.94,301351.12
1,6,30,24457.56,301351.12
1,6,45,27450.59,301351.12
1,7,0,30357.82,301351.12
1,7,15,33157.7,301351.12
1,7,30,36505.39,301351.12
1,7,45,39552.69,301351.12
1,8,0,42948.29,301351.12
1,8,15,50135.2,301351.12
1,8,30,57296.49,301351.12
1,8,45,65381.07,301351.12
1,9,0,73332.05,301351.12
1,9,15,81337.3,301351.12
1,9,30,88717.47,301351.12
1,9,45,95992.52,301351.12
1,10,0,103456.39,301351.12
1,10,15,106245.64,301351.12
1,10,30,109340.31,301351.12
1,10,45,112608.68,301351.12
1,11,0,115559.08,301351.12
1,11,15,118669.88,301351.12
1,11,30,121745.91,301351.12
1,11,45,124902.91,301351.12
1,12,0,127800.31,301351.12
1,12,15,130786.92,301351.12
1,12,30,133757.84,301351.12
1,12,45,136574.96,301351.12
1,13,0,139702.32,301351.12
1,13,15,142454.36,301351.12
1,13,30,145482.65,301351.12
1,13,45,148831.18,301351.12
1,14,0,152149.68,301351.12
1,14,15,155088.66,301351.12
1,14,30,158308.31,301351.12
1,14,45,161218.95,301351.12
1,15,0,164120.01,301351.12
1,15,15,166803.2,301351.12
1,15,30,169855.54,301351.12
1,15,45,172858.37,301351.12
1,16,0,176029.48,301351.12
1,16,15,179026.14,301351.12
1,16,30,182126.32,301351.12
1,16,45,184963.2,301351.12
1,17,0,188360.47,301351.12
1,17,15,196247.37,301351.12
1,17,30,203465.56,301351.12
1,17,45,211092.46,301351.12
1,18,0,218811.32,301351.12
1,18,15,226191.16,301351.12
1,18,30,234020.19,301351.12
1,18,45,242231.19,301351.12
1,19,0,249855.99,301351.12
1,19,15,253061.53,301351.12
1,19,30,256250.29,301351.12
1,19,45,259154.86,301351.12
1,20,0,262100.78,301351.12
1,20,15,265354.16,301351.12
1,20,30,268057.65,301351.12
1,20,45,271302.34,301351.12
1,21,0,274383.46,301351.12
1,21,15,277417.89,301351.12
1,21,30,280327.63,301351.12
1,21,45,283493.79,301351.12
1,22,0,286584.42,301351.12
1,22,15,289593.18,301351.12
1,22,30,292397.78,301351.12
1,22,45,295651.28,301351.12
1,23,0,298374.28,301351.12
1,23,15,299196.89,301351.12
1,23,30,300011.15,301351.12
1,23,45,300717.99,301351.12
2,0,0,43.92,297557.43
2,0,15,796.38,297557.43
2,0,30,1556.07,297557.43
2,0,45,2278.68,297557.43
2,1,0,3154.71,297557.43
2,1,15,3797.09,297557.43
2,1,30,4625.63,297557.43
2,1,45,5225.45,297557.43
2,2,0,5968.45,297557.43
2,2,15,6777.42,297557.43
2,2,30,7513.52,297557.43
2,2,45,8305.36,297557.43
2,3,0,9128.16,297557.43
2,3,15,9877.99,297557.43
2,3,30,10721.24,297557.43
2,3,45,11326.81,297557.43
2,4,0,12061.58,297557.43
2,4,15,12872.52,297557.43
2,4,30,13634.07,297557.43
2,4,45,14298.22,297557.43
2,5,0,15054.09,297557.43
2,5,15,15906.55,297557.43
2,5,30,16743.51,297557.43
2,5,45,17545.88,297557.43
2,6,0,18315.03,297557.43
2,6,15,21357.83,297557.43
2,6,30,24218.55,297557.43
2,6,45,27433.88,297557.43
2,7,0,30212.61,297557.43
2,7,15,32945.51,297557.43
2,7,30,36178.7,297557.43
2,7,45,39257.65,297557.43
2,8,0,42594.36,297557.43
2,8,15,50097.42,297557.43
2,8,30,57541.83,297557.43
2,8,45,65448.32,297557.43
2,9,0,72846.93,297557.43
2,9,15,80063.22,297557.43
2,9,30,87395.17,297557.43
2,9,45,95072.85,297557.43
2,10,0,102003.59,297557.43
2,10,15,105068.45,297557.43
2,10,30,108040.29,297557.43
2,10,45,111066.55,297557.43
2,11,0,114325.9,297557.43
2,11,15,117505.02,297557.43
2,11,30,120504.82,297557.43
2,11,45,123579.13,297557.43
2,12,0,126461.85,297557.43
2,12,15,129320.9,297557.43
2,12,30,132511.95,297557.43
2,12,45,135754.02,297557.43
2,13,0,139115.84,297557.43
2,13,15,142038.77,297557.43
2,13,30,145040.77,297557.43
2,13,45,148035.52,297557.43
2,14,0,150862.04,297557.43
2,14,15,153763.3,297557.43
2,14,30,156794.16,297557.43
2,14,45,160011.43,297557.43
2,15,0,163072.9,297557.43
2,15,15,166102.86,297557.43
2,15,30,169093.95,297557.43
2,15,45,172075.24,297557.43
2,16,0,175049.57,297557.43
2,16,15,178132.15,297557.43
2,16,30,180902.53,297557.43
2,16,45,184117.1,297557.43
2,17,0,187607.71,297557.43
2,17,15,195204.66,297557.43
2,17,30,202551.32,297557.43
2,17,45,210330.74,297557.43
2,18,0,217778.55,297557.43
2,18,15,225124.17,297557.43
2,18,30,232357.22,297557.43
2,18,45,239623.56,297557.43
2,19,0,246327.08,297557.43
2,19,15,249348.28,297557.43
2,19,30,252291.32,297557.43
2,19,45,255361.28,297557.43
2,20,0,258293.57,297557.43
2,20,15,261382.39,297557.43
2,20,30,264480.15,297557.43
2,20,45,267403.75,297557.43
2,21,0,270431.86,297557.43
2,21,15,273167.52,297557.43
2,21,30,275989.23,297557.43
2,21,45,279483.28,297557.43
2,22,0,282496.24,297557.43
2,22,15,285631.29,297557.43
2,22,30,289015.22,297557.43
2,22,45,291947.92,297557.43
2,23,0,294842.26,297557.43
2,23,15,295568.05,297557.43
2,23,30,296242.2,297557.43
2,23,45,296917.47,297557.43
3,0,0,67.59,296560.28
3,0,15,800.48,296560.28
3,0,30,1621.27,296560.28
3,0,45,2273.27,296560.28
3,1,0,3106.66,296560.28
3,1,15,3850.16,296560.28
3,1,30,4560.84,296560.28
3,1,45,5319.44,296560.28
3,2,0,5966.52,296560.28
3,2,15,6660.48,296560.28
3,2,30,7346.98,296560.28
3,2,45,8190.84,296560.28
3,3,0,8988.03,296560.28
3,3,15,9901.14,296560.28
3,3,30,10592.5,296560.28
3,3,45,11397.16,296560.28
3,4,0,12135.14,296560.28
3,4,15,12912.52,296560.28
3,4,30,13836.84,296560.28
3,4,45,14441.95,296560.28
3,5,0,15171.44,296560.28
3,5,15,15948.35,296560.28
3,5,30,16642.57,296560.28
3,5,45,17485.4,296560.28
3,6,0,18240.43,296560.28
3,6,15,21302.51,296560.28
3,6,30,24442.25,296560.28
3,6,45,27371.74,296560.28
3,7,0,30316.97,296560.28
3,7,15,33304.2,296560.28
3,7,30,36218.84,296560.28
3,7,45,39296.12,296560.28
3,8,0,42565.23,296560.28
3,8,15,50201.52,296560.28
3,8,30,57350.81,296560.28
3,8,45,65064.11,296560.28
3,9,0,72321.33,296560.28
3,9,15,79614.74,296560.28
3,9,30,87746.13,296560.28
3,9,45,95279.27,296560.28
3,10,0,102710.53,296560.28
3,10,15,105842.68,296560.28
3,10,30,109154.9,296560.28
3,10,45,112199.79,296560.28
3,11,0,115481.27,296560.28
3,11,15,118311.84,296560.28
3,11,30,120955.16,296560.28
3,11,45,124036.3,296560.28
3,12,0,127249.08,296560.28
3,12,15,130008.0,296560.28
3,12,30,132681.74,296560.28
3,12,45,135625.77,296560.28
3,13,0,138489.25,296560.28
3,13,15,141490.52,296560.28
3,13,30,144673.6,296560.28
3,13,45,147632.69,296560.28
3,14,0,150296.62,296560.28
3,14,15,152921.05,296560.28
3,14,30,155901.37,296560.28
3,14,45,158778.66,296560.28
3,15,0,161842.65,296560.28
3,15,15,164839.94,296560.28
3,15,30,167819.12,296560.28
3,15,45,170602.78,296560.28
3,16,0,173690.0,296560.28
3,16,15,176633.87,296560.28
3,16,30,179609.66,296560.28
3,16,45,182642.0,296560.28
3,17,0,186142.51,296560.28
3,17,15,193369.41,296560.28
3,17,30,201336.79,296560.28
3,17,45,208016.36,296560.28
3,18,0,215852.74,296560.28
3,18,15,223511.52,296560.28
3,18,30,231063.66,296560.28
3,18,45,238725.57,296560.28
3,19,0,245912.54,296560.28
3,19,15,248850.67,296560.28
3,19,30,252025.16,296560.28
3,19,45,254835.37,296560.28
3,20,0,257453.7,296560.28
3,20,15,260537.88,296560.28
3,20,30,263683.58,296560.28
3,20,45,266795.95,296560.28
3,21,0,269711.75,296560.28
3,21,15,272396.45,296560.28
3,21,30,275220.97,296560.28
3,21,45,278677.62,296560.28
3,22,0,281621.43,296560.28
3,22,15,284802.78,296560.28
3,22,30,287851.04,296560.28
3,22,45,290838.84,296560.28
3,23,0,293706.66,296560.28
3,23,15,294497.63,296560.28
3,23,30,295249.0,296560.28
3,23,45,296005.89,296560.28
4,0,0,7.44,294058.5
4,0,15,744.08,294058.5
4,0,30,1442.24,294058.5
4,0,45,2113.31,294058.5
4,1,0,2962.16,294058.5
4,1,15,3732.86,294058.5
4,1,30,4552.82,294058.5
4,1,45,5330.31,294058.5
4,2,0,6110.98,294058.5
4,2,15,6720.35,294058.5
4,2,30,7439.75,294058.5
4,2,45,8276.16,294058.5
4,3,0,8937.81,294058.5
4,3,15,9569.43,294058.5
4,3,30,10360.04,294058.5
4,3,45,11193.25,294058.5
4,4,0,11787.82,294058.5
4,4,15,12518.17,294058.5
4,4,30,13252.44,294058.5
4,4,45,13904.98,294058.5
4,5,0,14595.25,294058.5
4,5,15,15396.51,294058.5
4,5,30,16194.0,294058.5
4,5,45,16944.35,294058.5
4,6,0,17753.68,294058.5
4,6,15,20551.03,294058.5
4,6,30,23770.17,294058.5
4,6,45,26765.4,294058.5
4,7,0,29726.2,294058.5
4,7,15,32573.22,294058.5
4,7,30,35371.54,294058.5
4,7,45,38463.3,294058.5
4,8,0,41681.51,294058.5
4,8,15,49232.69,294058.5
4,8,30,56399.42,294058.5
4,8,45,63779.44,294058.5
4,9,0,70577.94,294058.5
4,9,15,78471.26,294058.5
4,9,30,85738.77,294058.5
4,9,45,93272.72,294058.5
4,10,0,100428.83,294058.5
4,10,15,103319.21,294058.5
4,10,30,106747.74,294058.5
4,10,45,109610.16,294058.5
4,11,0,112597.64,294058.5
4,11,15,115542.49,294058.5
4,11,30,118499.74,294058.5
4,11,45,121432.17,294058.5
4,12,0,124548.56,294058.5
4,12,15,127531.52,294058.5
4,12,30,130532.86,294058.5
4,12,45,133099.55,294058.5
4,13,0,135652.68,294058.5
4,13,15,138708.97,294058.5
4,13,30,141513.25,294058.5
4,13,45,144473.68,294058.5
4,14,0,147718.32,294058.5
4,14,15,150712.19,294058.5
4,14,30,153814.65,294058.5
4,14,45,156728.18,294058.5
4,15,0,159919.81,294058.5
4,15,15,162865.22,294058.5
4,15,30,165479.86,294058.5
4,15,45,168550.64,294058.5
4,16,0,171766.27,294058.5
4,16,15,174465.31,294058.5
4,16,30,177630.88,294058.5
4,16,45,180488.05,294058.5
4,17,0,183692.85,294058.5
4,17,15,190880.73,294058.5
4,17,30,199090.8,294058.5
4,17,45,206192.85,294058.5
4,18,0,213386.96,294058.5
4,18,15,220817.77,294058.5
4,18,30,228534.24,294058.5
4,18,45,236373.97,294058.5
4,19,0,243313.53,294058.5
4,19,15,246445.81,294058.5
4,19,30,249283.39,294058.5
4,19,45,252356.96,294058.5
4,20,0,255556.79,294058.5
4,20,15,258788.82,294058.5
4,20,30,261737.41,294058.5
4,20,45,264824.68,294058.5
4,21,0,267768.04,294058.5
4,21,15,270753.51,294058.5
4,21,30,274044.88,294058.5
4,21,45,277116.78,294058.5
4,22,0,279929.42,294058.5
4,22,15,282614.22,294058.5
4,22,30,285502.79,294058.5
4,22,45,288504.89,294058.5
4,23,0,291193.11,294058.5
4,23,15,292119.44,294058.5
4,23,30,292776.39,294058.5
4,23,45,293436.69,294058.5
5,0,0,17.87,209586.12
5,0,15,460.89,209586.12
5,0,30,1019.53,209586.12
5,0,45,1572.04,209586.12
5,1,0,2054.99,209586.12
5,1,15,2683.78,209586.12
5,1,30,3159.62,209586.12
5,1,45,3693.52,209586.12
5,2,0,4273.22,209586.12
5,2,15,4788.96,209586.12
5,2,30,5304.71,209586.12
5,2,45,5817.46,209586.12
5,3,0,6326.36,209586.12
5,3,15,6849.97,209586.12
5,3,30,7380.41,209586.12
5,3,45,7917.53,209586.12
5,4,0,8573.48,209586.12
5,4,15,9075.14,209586.12
5,4,30,9665.95,209586.12
5,4,45,10308.52,209586.12
5,5,0,10855.65,209586.12
5,5,15,11417.7,209586.12
5,5,30,11882.95,209586.12
5,5,45,12392.33,209586.12
5,6,0,13104.06,209586.12
5,6,15,15219.21,209586.12
5,6,30,17320.7,209586.12
5,6,45,19352.43,209586.12
5,7,0,21494.3,209586.12
5,7,15,23700.77,209586.12
5,7,30,25786.16,209586.12
5,7,45,27783.08,209586.12
5,8,0,30264.72,209586.12
5,8,15,35822.5,209586.12
5,8,30,41178.72,209586.12
5,8,45,46358.91,209586.12
5,9,0,51487.05,209586.12
5,9,15,56844.43,209586.12
5,9,30,61926.85,209586.12
5,9,45,67765.39,209586.12
5,10,0,72614.05,209586.12
5,10,15,74816.16,209586.12
5,10,30,76879.87,209586.12
5,10,45,78848.47,209586.12
5,11,0,80692.56,209586.12
5,11,15,82879.25,209586.12
5,11,30,85062.17,209586.12
5,11,45,87136.67,209586.12
5,12,0,89246.12,209586.12
5,12,15,91552.5,209586.12
5,12,30,93574.5,209586.12
5,12,45,95828.58,209586.12
5,13,0,97821.19,209586.12
5,13,15,100332.51,209586.12
5,13,30,102435.36,209586.12
5,13,45,104366.28,209586.12
5,14,0,106440.0,209586.12
5,14,15,108558.56,209586.12
5,14,30,110635.25,209586.12
5,14,45,112659.9,209586.12
5,15,0,114779.88,209586.12
5,15,15,117247.02,209586.12
5,15,30,119337.1,209586.12
5,15,45,121560.85,209586.12
5,16,0,123797.18,209586.12
5,16,15,125971.52,209586.12
5,16,30,128027.48,209586.12
5,16,45,130002.88,209586.12
5,17,0,132456.31,209586.12
5,17,15,137506.24,209586.12
5,17,30,142377.63,209586.12
5,17,45,147764.32,209586.12
5,18,0,153122.65,209586.12
5,18,15,158619.65,209586.12
5,18,30,163652.41,209586.12
5,18,45,169191.36,209586.12
5,19,0,174071.5,209586.12
5,19,15,176202.85,209586.12
5,19,30,178128.09,209586.12
5,19,45,180178.47,209586.12
5,20,0,182082.58,209586.12
5,20,15,184218.39,209586.12
5,20,30,186600.25,209586.12
5,20,45,188831.86,209586.12
5,21,0,191164.83,209586.12
5,21,15,193224.52,209586.12
5,21,30,195109.37,209586.12
5,21,45,197212.78,209586.12
5,22,0,199409.82,209586.12
5,22,15,201380.6,209586.12
5,22,30,203490.17,209586.12
5,22,45,205574.11,209586.12
5,23,0,207492.05,209586.12
5,23,15,207954.24,209586.12
5,23,30,208513.56,209586.12
5,23,45,209063.18,209586.12
6,0,0,38.09,207639.1
6,0,15,613.8,207639.1
6,0,30,1030.16,207639.1
6,0,45,1526.58,207639.1
6,1,0,2017.76,207639.1
6,1,15,2556.08,207639.1
6,1,30,3114.45,207639.1
6,1,45,3688.0,207639.1
6,2,0,4270.94,207639.1
6,2,15,4840.9,207639.1
6,2,30,5390.18,207639.1
6,2,45,5969.56,207639.1
6,3,0,6491.81,207639.1
6,3,15,7048.38,207639.1
6,3,30,7663.0,207639.1
6,3,45,8095.0,207639.1
6,4,0,8776.14,207639.1
6,4,15,9300.87,207639.1
6,4,30,9801.08,207639.1
6,4,45,10361.07,207639.1
6,5,0,10960.23,207639.1
6,5,15,11516.22,207639.1
6,5,30,12065.4,207639.1
6,5,45,12716.53,207639.1
6,6,0,13401.64,207639.1
6,6,15,15495.08,207639.1
6,6,30,17217.15,207639.1
6,6,45,19258.81,207639.1
6,7,0,21222.53,207639.1
6,7,15,23356.25,207639.1
6,7,30,25521.73,207639.1
6,7,45,27712.37,207639.1
6,8,0,30076.59,207639.1
6,8,15,35262.37,207639.1
6,8,30,40399.91,207639.1
6,8,45,46115.37,207639.1
6,9,0,51296.07,207639.1
6,9,15,56669.34,207639.1
6,9,30,62193.16,207639.1
6,9,45,67331.59,207639.1
6,10,0,71938.26,207639.1
6,10,15,74053.77,207639.1
6,10,30,76290.72,207639.1
6,10,45,78168.5,207639.1
6,11,0,80142.23,207639.1
6,11,15,82295.0,207639.1
6,11,30,84337.42,207639.1
6,11,45,86457.08,207639.1
6,12,0,88299.3,207639.1
6,12,15,90614.51,207639.1
6,12,30,92705.28,207639.1
6,12,45,94886.33,207639.1
6,13,0,96865.41,207639.1
6,13,15,99080.37,207639.1
6,13,30,101331.13,207639.1
6,13,45,103483.6,207639.1
6,14,0,105399.29,207639.1
6,14,15,107321.52,207639.1
6,14,30,109584.92,207639.1
6,14,45,111597.2,207639.1
6,15,0,113671.95,207639.1
6,15,15,115590.63,207639.1
6,15,30,117818.1,207639.1
6,15,45,119795.2,207639.1
6,16,0,121848.87,207639.1
6,16,15,123896.59,207639.1
6,16,30,126177.19,207639.1
6,16,45,128399.15,207639.1
6,17,0,130652.33,207639.1
6,17,15,135510.07,207639.1
6,17,30,140610.88,207639.1
6,17,45,145840.86,207639.1
6,18,0,151386.75,207639.1
6,18,15,156778.29,207639.1
6,18,30,162453.83,207639.1
6,18,45,167991.95,207639.1
6,19,0,172994.03,207639.1
6,19,15,175053.94,207639.1
6,19,30,177032.9,207639.1
6,19,45,179084.93,207639.1
6,20,0,180991.19,207639.1
6,20,15,182897.97,207639.1
6,20,30,184972.88,207639.1
6,20,45,186812.59,207639.1
6,21,0,188917.09,207639.1
6,21,15,191243.42,207639.1
6,21,30,193303.45,207639.1
6,21,45,195172.85,207639.1
6,22,0,197191.42,207639.1
6,22,15,199433.63,207639.1
6,22,30,201460.4,207639.1
6,22,45,203585.08,207639.1
6,23,0,205439.49,207639.1
6,23,15,205967.06,207639.1
6,23,30,206519.22,207639.1
6,23,45,207099.06,207639.1
0,0,0,32.53,297606.29
0,0,15,860.59,297606.29
0,0,30,1733.13,297606.29
0,0,45,2537.05,297606.29
0,1,0,3351.6,297606.29
0,1,15,4119.89,297606.29
0,1,30,4833.37,297606.29
0,1,45,5542.9,297606.29
0,2,0,6234.7,297606.29
0,2,15,7082.35,297606.29
0,2,30,7838.21,297606.29
0,2,45,8482.19,297606.29
0,3,0,9235.11,297606.29
0,3,15,9984.54,297606.29
0,3,30,10663.24,297606.29
0,3,45,11465.12,297606.29
0,4,0,12354.53,297606.29
0,4,15,13283.51,297606.29
0,4,30,13901.7,297606.29
0,4,45,14617.53,297606.29
0,5,0,15375.6,297606.29
0,5,15,16098.31,297606.29
0,5,30,16850.94,297606.29
0,5,45,17612.1,297606.29
0,6,0,18482.27,297606.29
0,6,15,21332.35,297606.29
0,6,30,24295.74,297606.29
0,6,45,27298.38,297606.29
0,7,0,30206.86,297606.29
0,7,15,33032.91,297606.29
0,7,30,35982.79,297606.29
0,7,45,39248.77,297606.29
0,8,0,42521.65,297606.29
0,8,15,50078.04,297606.29
0,8,30,57535.11,297606.29
0,8,45,66093.5,297606.29
0,9,0,73252.23,297606.29
0,9,15,81338.88,297606.29
0,9,30,88464.09,297606.29
0,9,45,95566.38,297606.29
0,10,0,102997.89,297606.29
0,10,15,106365.64,297606.29
0,10,30,109003.8,297606.29
0,10,45,111842.79,297606.29
0,11,0,114686.01,297606.29
0,11,15,117362.07,297606.29
0,11,30,120325.56,297606.29
0,11,45,123160.97,297606.29
0,12,0,126206.56,297606.29
0,12,15,128764.93,297606.29
0,12,30,131760.39,297606.29
0,12,45,134909.61,297606.29
0,13,0,138024.88,297606.29
0,13,15,141035.75,297606.29
0,13,30,144132.71,297606.29
0,13,45,147003.02,297606.29
0,14,0,150059.84,297606.29
0,14,15,152917.76,297606.29
0,14,30,155992.47,297606.29
0,14,45,159230.17,297606.29
0,15,0,162086.01,297606.29
0,15,15,164945.96,297606.29
0,15,30,167871.96,297606.29
0,15,45,171025.96,297606.29
0,16,0,174071.66,297606.29
0,16,15,176922.28,297606.29
0,16,30,179977.72,297606.29
0,16,45,182886.75,297606.29
0,17,0,185992.83,297606.29
0,17,15,193455.18,297606.29
0,17,30,200930.38,297606.29
0,17,45,208345.48,297606.29
0,18,0,215627.59,297606.29
0,18,15,222559.91,297606.29
0,18,30,230502.06,297606.29
0,18,45,238544.37,297606.29
0,19,0,246228.61,297606.29
0,19,15,249208.31,297606.29
0,19,30,252171.48,297606.29
0,19,45,255001.5,297606.29
0,20,0,258078.4,297606.29
0,20,15,261138.06,297606.29
0,20,30,264071.26,297606.29
0,20,45,267004.26,297606.29
0,21,0,270700.03,297606.29
0,21,15,273870.59,297606.29
0,21,30,276532.83,297606.29
0,21,45,279850.12,297606.29
0,22,0,282888.61,297606.29
0,22,15,285777.83,297606.29
0,22,30,288573.71,297606.29
0,22,45,291738.93,297606.29
0,23,0,294662.31,297606.29
0,23,15,295455.2,297606.29
0,23,30,296175.03,297606.29
0,23,45,296940.68,297606.29
1,0,0,64.42,299594.02
1,0,15,731.82,299594.02
1,0,30,1407.13,299594.02
1,0,45,2179.51,299594.02
1,1,0,2937.43,299594.02
1,1,15,3650.03,299594.02
1,1,30,4435.02,299594.02
1,1,45,5340.36,299594.02
1,2,0,6016.76,299594.02
1,2,15,6763.55,299594.02
1,2,30,7424.51,299594.02
1,2,45,8051.2,299594.02
1,3,0,8832.58,299594.02
1,3,15,9664.78,299594.02
1,3,30,10439.29,299594.02
1,3,45,11104.06,299594.02
1,4,0,11938.42,299594.02
1,4,15,12711.03,299594.02
1,4,30,13603.16,299594.02
1,4,45,14341.16,299594.02
1,5,0,15112.53,299594.02
1,5,15,15798.99,299594.02
1,5,30,16673.72,299594.02
1,5,45,17347.01,299594.02
1,6,0,18200.72,299594.02
1,6,15,21098.91,299594.02
1,6,30,24418.48,299594.02
1,6,45,27222.34,299594.02
1,7,0,30465.15,299594.02
1,7,15,33402.02,299594.02
1,7,30,36314.56,299594.02
1,7,45,39485.5,299594.02
1,8,0,43008.37,299594.02
1,8,15,50464.47,299594.02
1,8,30,58465.24,299594.02
1,8,45,66555.27,299594.02
1,9,0,73855.4,299594.02
1,9,15,81897.13,299594.02
1,9,30,89685.98,299594.02
1,9,45,97139.58,299594.02
1,10,0,104214.25,299594.02
1,10,15,106896.54,299594.02
1,10,30,109958.52,299594.02
1,10,45,112973.45,299594.02
1,11,0,116177.96,299594.02
1,11,15,119336.28,299594.02
1,11,30,122286.3,299594.02
1,11,45,125221.15,299594.02
1,12,0,128397.67,299594.02
1,12,15,131407.05,299594.02
1,12,30,134464.86,299594.02
1,12,45,137582.41,299594.02
1,13,0,140720.14,299594.02
1,13,15,143955.05,299594.02
1,13,30,146851.68,299594.02
1,13,45,149422.28,299594.02
1,14,0,152320.63,299594.02
1,14,15,155213.06,299594.02
1,14,30,158424.48,299594.02
1,14,45,161301.1,299594.02
1,15,0,164096.55,299594.02
1,15,15,167319.31,299594.02
1,15,30,170637.39,299594.02
1,15,45,173802.43,299594.02
1,16,0,176611.66,299594.02
1,16,15,179809.02,299594.02
1,16,30,182778.61,299594.02
1,16,45,185852.72,299594.02
1,17,0,188910.56,299594.02
1,17,15,196551.1,299594.02
1,17,30,203752.73,299594.02
1,17,45,210568.5,299594.02
1,18,0,217834.37,299594.02
1,18,15,225619.92,299594.02
1,18,30,233365.98,299594.02
1,18,45,241171.54,299594.02
1,19,0,248680.45,299594.02
1,19,15,251616.38,299594.02
1,19,30,254812.17,299594.02
1,19,45,257804.65,299594.02
1,20,0,260825.59,299594.02
1,20,15,263955.26,299594.02
1,20,30,267230.75,299594.02
1,20,45,270000.35,299594.02
1,21,0,272659.94,299594.02
1,21,15,275768.57,299594.02
1,21,30,278744.73,299594.02
1,21,45,281757.27,299594.02
1,22,0,284810.11,299594.02
1,22,15,287730.85,299594.02
1,22,30,290670.74,299594.02
1,22,45,293428.05,299594.02
1,23,0,296518.94,299594.02
1,23,15,297466.03,299594.02
1,23,30,298192.93,299594.02
1,23,45,298930.3,299594.02
2,0,0,41.9,294817.8
2,0,15,626.87,294817.8
2,0,30,1464.21,294817.8
2,0,45,2112.89,294817.8
2,1,0,2931.11,294817.8
2,1,15,3747.41,294817.8
2,1,30,4446.25,294817.8
2,1,45,5211.65,294817.8
2,2,0,5969.64,294817.8
2,2,15,6793.55,294817.8
2,2,30,7446.42,294817.8
2,2,45,8096.95,294817.8
2,3,0,8880.44,294817.8
2,3,15,9564.36,294817.8
2,3,30,10203.45,294817.8
2,3,45,10913.9,294817.8
2,4,0,11579.84,294817.8
2,4,15,12336.73,294817.8
2,4,30,13044.7,294817.8
2,4,45,13749.68,294817.8
2,5,0,14438.16,294817.8
2,5,15,15188.27,294817.8
2,5,30,15994.68,294817.8
2,5,45,16769.24,294817.8
2,6,0,17672.69,294817.8
2,6,15,20288.18,294817.8
2,6,30,23245.15,294817.8
2,6,45,26092.64,294817.8
2,7,0,28924.29,294817.8
2,7,15,31945.12,294817.8
2,7,30,34935.52,294817.8
2,7,45,37690.36,294817.8
2,8,0,40813.45,294817.8
2,8,15,48130.42,294817.8
2,8,30,55794.88,294817.8
2,8,45,62664.84,294817.8
2,9,0,70709.97,294817.8
2,9,15,77573.63,294817.8
2,9,30,84920.12,294817.8
2,9,45,91834.48,294817.8
2,10,0,99028.86,294817.8
2,10,15,102081.57,294817.8
2,10,30,104981.34,294817.8
2,10,45,107975.93,294817.8
2,11,0,110952.05,294817.8
2,11,15,114100.55,294817.8
2,11,30,117288.45,294817.8
2,11,45,120038.71,294817.8
2,12,0,123113.22,294817.8
2,12,15,125857.04,294817.8
2,12,30,128968.56,294817.8
2,12,45,132340.53,294817.8
2,13,0,135262.51,294817.8
2,13,15,138556.19,294817.8
2,13,30,141569.85,294817.8
2,13,45,144327.85,294817.8
2,14,0,147226.24,294817.8
2,14,15,150218.1,294817.8
2,14,30,153414.79,294817.8
2,14,45,156419.58,294817.8
2,15,0,159254.11,294817.8
2,15,15,162326.89,294817.8
2,15,30,165483.38,294817.8
2,15,45,168449.3,294817.8
2,16,0,171466.55,294817.8
2,16,15,174768.85,294817.8
2,16,30,177825.49,294817.8
2,16,45,180520.41,294817.8
2,17,0,183897.33,294817.8
2,17,15,191285.51,294817.8
2,17,30,198743.08,294817.8
2,17,45,206293.44,294817.8
2,18,0,213875.18,294817.8
2,18,15,221578.71,294817.8
2,18,30,229254.84,294817.8
2,18,45,236543.01,294817.8
2,19,0,244178.73,294817.8
2,19,15,247025.64,294817.8
2,19,30,249684.1,294817.8
2,19,45,252937.72,294817.8
2,20,0,256054.86,294817.8
2,20,15,258800.94,294817.8
2,20,30,261740.11,294817.8
2,20,45,264837.93,294817.8
2,21,0,267987.3,294817.8
2,21,15,270929.78,294817.8
2,21,30,273927.63,294817.8
2,21,45,277021.87,294817.8
2,22,0,280186.64,294817.8
2,22,15,283331.89,294817.8
2,22,30,286075.78,294817.8
2,22,45,289333.99,294817.8
2,23,0,292088.55,294817.8
2,23,15,292931.23,294817.8
2,23,30,293617.43,294817.8
2,23,45,294272.41,294817.8
3,0,0,57.15,299149.69
3,0,15,726.62,299149.69
3,0,30,1406.97,299149.69
3,0,45,2065.32,299149.69
3,1,0,2812.44,299149.69
3,1,15,3510.07,299149.69
3,1,30,4168.83,299149.69
3,1,45,4879.19,299149.69
3,2,0,5511.6,299149.69
3,2,15,6235.91,299149.69
3,2,30,6760.18,299149.69
3,2,45,7522.87,299149.69
3,3,0,8240.69,299149.69
3,3,15,8908.07,299149.69
3,3,30,9660.29,299149.69
3,3,45,10398.62,299149.69
3,4,0,11180.61,299149.69
3,4,15,11863.91,299149.69
3,4,30,12551.56,299149.69
3,4,45,13277.73,299149.69
3,5,0,13999.93,299149.69
3,5,15,14648.45,299149.69
3,5,30,15323.61,299149.69
3,5,45,16183.91,299149.69
3,6,0,17138.15,299149.69
3,6,15,19783.74,299149.69
3,6,30,22742.38,299149.69
3,6,45,26041.71,299149.69
3,7,0,28979.99,299149.69
3,7,15,31867.89,299149.69
3,7,30,34922.72,299149.69
3,7,45,37289.18,299149.69
3,8,0,40252.33,299149.69
3,8,15,48184.5,299149.69
3,8,30,55578.67,299149.69
3,8,45,63195.58,299149.69
3,9,0,70268.75,299149.69
3,9,15,77624.81,299149.69
3,9,30,85887.23,299149.69
3,9,45,93539.79,299149.69
3,10,0,100967.5,299149.69
3,10,15,103818.92,299149.69
3,10,30,106892.97,299149.69
3,10,45,109892.54,299149.69
3,11,0,112696.31,299149.69
3,11,15,115675.78,299149.69
3,11,30,118193.29,299149.69
3,11,45,121352.49,299149.69
3,12,0,124653.47,299149.69
3,12,15,127644.22,299149.69
3,12,30,130753.43,299149.69
3,12,45,133619.99,299149.69
3,13,0,136613.59,299149.69
3,13,15,139416.14,299149.69
3,13,30,142453.08,299149.69
3,13,45,145553.39,299149.69
3,14,0,148616.5,299149.69
3,14,15,151731.88,299149.69
3,14,30,154891.45,299149.69
3,14,45,158216.36,299149.69
3,15,0,161283.23,299149.69
3,15,15,164317.93,299149.69
3,15,30,167541.95,299149.69
3,15,45,170332.12,299149.69
3,16,0,173408.17,299149.69
3,16,15,176186.55,299149.69
3,16,30,178813.71,299149.69
3,16,45,181655.84,299149.69
3,17,0,184831.51,299149.69
3,17,15,192506.86,299149.69
3,17,30,200666.76,299149.69
3,17,45,208557.49,299149.69
3,18,0,215908.36,299149.69
3,18,15,223725.63,299149.69
3,18,30,231761.85,299149.69
3,18,45,239526.64,299149.69
3,19,0,246566.12,299149.69
3,19,15,249842.53,299149.69
3,19,30,252936.4,299149.69
3,19,45,255863.5,299149.69
3,20,0,258946.8,299149.69
3,20,15,262120.15,299149.69
3,20,30,264798.21,299149.69
3,20,45,268199.68,299149.69
3,21,0,271303.89,299149.69
3,21,15,274499.39,299149.69
3,21,30,277455.93,299149.69
3,21,45,280333.01,299149.69
3,22,0,283597.9,299149.69
3,22,15,286818.44,299149.69
3,22,30,289853.94,299149.69
3,22,45,293174.19,299149.69
3,23,0,296001.19,299149.69
3,23,15,296838.86,299149.69
3,23,30,297756.15,299149.69
3,23,45,298416.15,299149.69
4,0,0,64.3,299631.34
4,0,15,914.7,299631.34
4,0,30,1675.9,299631.34
4,0,45,2451.35,299631.34
4,1,0,3188.04,299631.34
4,1,15,3911.33,299631.34
4,1,30,4673.66,299631.34
4,1,45,5479.34,299631.34
4,2,0,6278.35,299631.34
4,2,15,6910.51,299631.34
4,2,30,7602.44,299631.34
4,2,45,8366.25,299631.34
4,3,0,9288.4,299631.34
4,3,15,10065.02,299631.34
4,3,30,10710.51,299631.34
4,3,45,11390.24,299631.34
4,4,0,12157.38,299631.34
4,4,15,13084.74,299631.34
4,4,30,13819.89,299631.34
4,4,45,14614.58,299631.34
4,5,0,15278.55,299631.34
4,5,15,16142.65,299631.34
4,5,30,16834.08,299631.34
4,5,45,17600.8,299631.34
4,6,0,18500.95,299631.34
4,6,15,21583.55,299631.34
4,6,30,24268.36,299631.34
4,6,45,27226.17,299631.34
4,7,0,30299.43,299631.34
4,7,15,33522.74,299631.34
4,7,30,36684.62,299631.34
4,7,45,39634.81,299631.34
4,8,0,42910.23,299631.34
4,8,15,50632.64,299631.34
4,8,30,58070.43,299631.34
4,8,45,65605.1,299631.34
4,9,0,73442.27,299631.34
4,9,15,80777.52,299631.34
4,9,30,88381.14,299631.34
4,9,45,96399.93,299631.34
4,10,0,103829.4,299631.34
4,10,15,106665.81,299631.34
4,10,30,109601.11,299631.34
4,10,45,112423.94,299631.34
4,11,0,115221.78,299631.34
4,11,15,118339.01,299631.34
4,11,30,121189.76,299631.34
4,11,45,124444.92,299631.34
4,12,0,127573.26,299631.34
4,12,15,130705.75,299631.34
4,12,30,133671.08,299631.34
4,12,45,136771.73,299631.34
4,13,0,139885.08,299631.34
4,13,15,142849.39,299631.34
4,13,30,145571.57,299631.34
4,13,45,148478.76,299631.34
4,14,0,151391.24,299631.34
4,14,15,154619.04,299631.34
4,14,30,157709.6,299631.34
4,14,45,160664.9,299631.34
4,15,0,163875.39,299631.34
4,15,15,166401.97,299631.34
4,15,30,169878.82,299631.34
4,15,45,173334.28,299631.34
4,16,0,176633.31,299631.34
4,16,15,179869.46,299631.34
4,16,30,183144.17,299631.34
4,16,45,186272.0,299631.34
4,17,0,189465.19,299631.34
4,17,15,197060.64,299631.34
4,17,30,204099.04,299631.34
4,17,45,211207.01,299631.34
4,18,0,218874.6,299631.34
4,18,15,226302.75,299631.34
4,18,30,234080.96,299631.34
4,18,45,241775.66,299631.34
4,19,0,248930.52,299631.34
4,19,15,251997.13,299631.34
4,19,30,255020.57,299631.34
4,19,45,258008.17,299631.34
4,20,0,260997.88,299631.34
4,20,15,264036.66,299631.34
4,20,30,267154.99,299631.34
4,20,45,270159.72,299631.34
4,21,0,273280.44,299631.34
4,21,15,276314.91,299631.34
4,21,30,279617.18,299631.34
4,21,45,282501.15,299631.34
4,22,0,285526.65,299631.34
4,22,15,288256.63,299631.34
4,22,30,291234.36,299631.34
4,22,45,294083.7,299631.34
4,23,0,296754.01,299631.34
4,23,15,297359.9,299631.34
4,23,30,298209.23,299631.34
4,23,45,299021.24,299631.34
5,0,0,59.99,209184.39
5,0,15,488.85,209184.39
5,0,30,923.65,209184.39
5,0,45,1369.88,209184.39
5,1,0,1867.93,209184.39
5,1,15,2408.58,209184.39
5,1,30,2958.89,209184.39
5,1,45,3473.67,209184.39
5,2,0,3999.94,209184.39
5,2,15,4498.05,209184.39
5,2,30,5003.11,209184.39
5,2,45,5506.99,209184.39
5,3,0,5943.38,209184.39
5,3,15,6478.55,209184.39
5,3,30,6948.04,209184.39
5,3,45,7382.62,209184.39
5,4,0,7931.64,209184.39
5,4,15,8415.96,209184.39
5,4,30,8869.71,209184.39
5,4,45,9414.25,209184.39
5,5,0,9945.72,209184.39
5,5,15,10532.36,209184.39
5,5,30,11069.73,209184.39
5,5,45,11633.76,209184.39
5,6,0,12235.14,209184.39
5,6,15,14390.27,209184.39
5,6,30,16745.67,209184.39
5,6,45,18796.56,209184.39
5,7,0,21015.62,209184.39
5,7,15,23147.43,209184.39
5,7,30,25256.03,209184.39
5,7,45,27327.82,209184.39
5,8,0,29599.6,209184.39
5,8,15,34874.43,209184.39
5,8,30,40198.61,209184.39
5,8,45,45423.08,209184.39
5,9,0,50923.24,209184.39
5,9,15,55682.2,209184.39
5,9,30,60893.65,209184.39
5,9,45,66493.54,209184.39
5,10,0,71409.86,209184.39
5,10,15,73480.99,209184.39
5,10,30,75652.41,209184.39
5,10,45,77805.79,209184.39
5,11,0,79953.24,209184.39
5,11,15,82058.82,209184.39
5,11,30,84055.23,209184.39
5,11,45,85829.39,209184.39
5,12,0,87958.19,209184.39
5,12,15,89824.06,209184.39
5,12,30,91911.68,209184.39
5,12,45,93978.68,209184.39
5,13,0,96102.26,209184.39
5,13,15,98120.81,209184.39
5,13,30,100428.34,209184.39
5,13,45,102421.09,209184.39
5,14,0,104646.54,209184.39
5,14,15,106725.76,209184.39
5,14,30,108962.18,209184.39
5,14,45,111320.2,209184.39
5,15,0,113373.89,209184.39
5,15,15,115505.04,209184.39
5,15,30,117671.48,209184.39
5,15,45,119825.57,209184.39
5,16,0,121934.25,209184.39
5,16,15,124125.57,209184.39
5,16,30,126104.0,209184.39
5,16,45,128227.14,209184.39
5,17,0,130465.91,209184.39
5,17,15,135909.95,209184.39
5,17,30,141223.71,209184.39
5,17,45,146585.94,209184.39
5,18,0,151742.33,209184.39
5,18,15,157178.85,209184.39
5,18,30,162723.61,209184.39
5,18,45,168727.78,209184.39
5,19,0,173375.28,209184.39
5,19,15,175371.61,209184.39
5,19,30,177292.28,209184.39
5,19,45,179586.33,209184.39
5,20,0,181774.69,209184.39
5,20,15,183977.01,209184.39
5,20,30,186077.28,209184.39
5,20,45,188248.17,209184.39
5,21,0,190421.11,209184.39
5,21,15,192802.01,209184.39
5,21,30,194969.2,209184.39
5,21,45,197146.54,209184.39
5,22,0,199357.58,209184.39
5,22,15,201327.96,209184.39
5,22,30,203264.86,209184.39
5,22,45,205367.42,209184.39
5,23,0,207186.34,209184.39
5,23,15,207727.2,209184.39
5,23,30,208270.91,209184.39
5,23,45,208690.31,209184.39
6,0,0,55.08,210100.44
6,0,15,484.05,210100.44
6,0,30,1110.42,210100.44
6,0,45,1589.87,210100.44
6,1,0,2162.98,210100.44
6,1,15,2675.85,210100.44
6,1,30,3136.71,210100.44
6,1,45,3647.28,210100.44
6,2,0,4232.97,210100.44
6,2,15,4772.73,210100.44
6,2,30,5283.96,210100.44
6,2,45,5716.33,210100.44
6,3,0,6191.15,210100.44
6,3,15,6672.35,210100.44
6,3,30,7260.85,210100.44
6,3,45,7812.67,210100.44
6,4,0,8435.56,210100.44
6,4,15,8894.32,210100.44
6,4,30,9341.49,210100.44
6,4,45,9858.57,210100.44
6,5,0,10461.5,210100.44
6,5,15,10984.25,210100.44
6,5,30,11494.5,210100.44
6,5,45,12046.97,210100.44
6,6,0,12665.02,210100.44
6,6,15,14772.96,210100.44
6,6,30,16906.6,210100.44
6,6,45,19001.13,210100.44
6,7,0,20897.73,210100.44
6,7,15,22700.41,210100.44
6,7,30,24942.26,210100.44
6,7,45,26990.88,210100.44
6,8,0,29511.37,210100.44
6,8,15,35578.79,210100.44
6,8,30,41235.51,210100.44
6,8,45,46502.32,210100.44
6,9,0,51747.93,210100.44
6,9,15,56616.63,210100.44
6,9,30,62123.6,210100.44
6,9,45,66915.09,210100.44
6,10,0,72313.35,210100.44
6,10,15,74271.29,210100.44
6,10,30,76372.21,210100.44
6,10,45,78473.62,210100.44
6,11,0,80584.67,210100.44
6,11,15,82803.81,210100.44
6,11,30,85056.08,210100.44
6,11,45,87206.83,210100.44
6,12,0,89369.05,210100.44
6,12,15,91460.91,210100.44
6,12,30,93641.27,210100.44
6,12,45,95701.06,210100.44
6,13,0,97925.73,210100.44
6,13,15,99859.37,210100.44
6,13,30,101855.72,210100.44
6,13,45,104113.75,210100.44
6,14,0,106279.79,210100.44
6,14,15,108264.11,210100.44
6,14,30,110329.3,210100.44
6,14,45,112533.02,210100.44
6,15,0,114500.19,210100.44
6,15,15,116487.9,210100.44
6,15,30,118697.71,210100.44
6,15,45,120777.85,210100.44
6,16,0,122944.84,210100.44
6,16,15,124782.74,210100.44
6,16,30,126924.01,210100.44
6,16,45,128931.36,210100.44
6,17,0,131348.38,210100.44
6,17,15,136599.38,210100.44
6,17,30,141697.99,210100.44
6,17,45,146761.83,210100.44
6,18,0,152074.98,210100.44
6,18,15,157910.44,210100.44
6,18,30,163319.13,210100.44
6,18,45,168412.66,210100.44
6,19,0,173513.5,210100.44
6,19,15,175603.96,210100.44
6,19,30,177805.73,210100.44
6,19,45,179954.25,210100.44
6,20,0,182252.78,210100.44
6,20,15,184566.96,210100.44
6,20,30,186754.62,210100.44
6,20,45,188646.78,210100.44
6,21,0,190715.84,210100.44
6,21,15,192943.06,210100.44
6,21,30,194800.7,210100.44
6,21,45,196939.34,210100.44
6,22,0,199066.53,210100.44
6,22,15,201456.85,210100.44
6,22,30,203677.16,210100.44
6,22,45,205655.04,210100.44
6,23,0,207760.62,210100.44
6,23,15,208293.46,210100.44
6,23,30,208943.4,210100.44
6,23,45,209606.6,210100.44
0,0,0,66.34,295079.28
0,0,15,835.78,295079.28
0,0,30,1680.94,295079.28
0,0,45,2429.21,295079.28
0,1,0,3216.51,295079.28
0,1,15,4115.22,295079.28
0,1,30,4915.48,295079.28
0,1,45,5716.43,295079.28
0,2,0,6455.55,295079.28
0,2,15,7337.96,295079.28
0,2,30,8138.71,295079.28
0,2,45,8922.5,295079.28
0,3,0,9509.48,295079.28
0,3,15,10360.17,295079.28
0,3,30,11044.62,295079.28
0,3,45,11695.31,295079.28
0,4,0,12399.18,295079.28
0,4,15,13017.7,295079.28
0,4,30,13678.54,295079.28
0,4,45,14450.95,295079.28
0,5,0,15319.44,295079.28
0,5,15,16059.92,295079.28
0,5,30,16654.29,295079.28
0,5,45,17370.33,295079.28
0,6,0,18140.0,295079.28
0,6,15,21250.18,295079.28
0,6,30,24248.2,295079.28
0,6,45,27314.75,295079.28
0,7,0,30499.73,295079.28
0,7,15,33553.28,295079.28
0,7,30,36268.66,295079.28
0,7,45,39370.24,295079.28
0,8,0,42269.75,295079.28
0,8,15,49737.56,295079.28
0,8,30,57023.57,295079.28
0,8,45,64513.47,295079.28
0,9,0,71459.98,295079.28
0,9,15,78673.17,295079.28
0,9,30,86316.12,295079.28
0,9,45,93455.6,295079.28
0,10,0,100555.7,295079.28
0,10,15,103513.66,295079.28
0,10,30,106428.0,295079.28
0,10,45,109374.94,295079.28
0,11,0,112263.24,295079.28
0,11,15,115476.67,295079.28
0,11,30,118595.25,295079.28
0,11,45,121743.33,295079.28
0,12,0,124857.28,295079.28
0,12,15,127777.22,295079.28
0,12,30,130691.72,295079.28
0,12,45,133738.17,295079.28
0,13,0,136947.38,295079.28
0,13,15,139443.68,295079.28
0,13,30,142245.27,295079.28
0,13,45,144884.78,295079.28
0,14,0,147749.33,295079.28
0,14,15,150875.68,295079.28
0,14,30,153897.17,295079.28
0,14,45,157259.86,295079.28
0,15,0,160407.08,295079.28
0,15,15,163326.34,295079.28
0,15,30,166395.94,295079.28
0,15,45,169397.29,295079.28
0,16,0,172380.99,295079.28
0,16,15,175400.78,295079.28
0,16,30,178504.48,295079.28
0,16,45,181383.53,295079.28
0,17,0,185012.16,295079.28
0,17,15,192638.15,295079.28
0,17,30,200655.4,295079.28
0,17,45,207921.77,295079.28
0,18,0,214482.47,295079.28
0,18,15,221767.56,295079.28
0,18,30,229621.74,295079.28
0,18,45,237115.69,295079.28
0,19,0,244555.3,295079.28
0,19,15,247579.89,295079.28
0,19,30,250258.21,295079.28
0,19,45,253023.59,295079.28
0,20,0,256027.95,295079.28
0,20,15,259223.55,295079.28
0,20,30,262214.01,295079.28
0,20,45,265112.37,295079.28
0,21,0,268074.86,295079.28
0,21,15,271034.27,295079.28
0,21,30,273646.87,295079.28
0,21,45,276658.65,295079.28
0,22,0,279437.69,295079.28
0,22,15,282450.22,295079.28
0,22,30,285805.34,295079.28
0,22,45,288721.88,295079.28
0,23,0,291941.77,295079.28
0,23,15,292828.83,295079.28
0,23,30,293527.52,295079.28
0,23,45,294393.34,295079.28
1,0,0,44.36,300875.36
1,0,15,715.21,300875.36
1,0,30,1528.13,300875.36
1,0,45,2234.84,300875.36
1,1,0,3013.16,300875.36
1,1,15,3781.95,300875.36
1,1,30,4325.94,300875.36
1,1,45,5078.77,300875.36
1,2,0,5903.9,300875.36
1,2,15,6823.58,300875.36
1,2,30,7506.4,300875.36
1,2,45,8153.25,300875.36
1,3,0,8941.0,300875.36
1,3,15,9736.06,300875.36
1,3,30,10449.29,300875.36
1,3,45,11220.44,300875.36
1,4,0,11931.13,300875.36
1,4,15,12732.56,300875.36
1,4,30,13341.17,300875.36
1,4,45,14229.38,300875.36
1,5,0,14837.76,300875.36
1,5,15,15535.3,300875.36
1,5,30,16201.96,300875.36
1,5,45,16865.48,300875.36
1,6,0,17730.63,300875.36
1,6,15,20503.58,300875.36
1,6,30,23624.88,300875.36
1,6,45,26391.3,300875.36
1,7,0,29168.36,300875.36
1,7,15,32097.38,300875.36
1,7,30,35003.16,300875.36
1,7,45,37918.74,300875.36
1,8,0,40902.87,300875.36
1,8,15,48181.18,300875.36
1,8,30,56311.85,300875.36
1,8,45,63893.04,300875.36
1,9,0,71101.34,300875.36
1,9,15,78554.39,300875.36
1,9,30,86278.39,300875.36
1,9,45,93562.47,300875.36
1,10,0,100944.17,300875.36
1,10,15,104055.62,300875.36
1,10,30,107396.77,300875.36
1,10,45,110557.84,300875.36
1,11,0,113991.4,300875.36
1,11,15,116906.88,300875.36
1,11,30,120030.28,300875.36
1,11,45,122987.02,300875.36
1,12,0,126311.62,300875.36
1,12,15,129521.45,300875.36
1,12,30,132611.77,300875.36
1,12,45,136014.5,300875.36
1,13,0,138742.48,300875.36
1,13,15,141900.43,300875.36
1,13,30,144692.2,300875.36
1,13,45,147661.37,300875.36
1,14,0,150628.51,300875.36
1,14,15,153581.49,300875.36
1,14,30,156516.77,300875.36
1,14,45,159347.89,300875.36
1,15,0,161995.11,300875.36
1,15,15,164861.32,300875.36
1,15,30,167867.81,300875.36
1,15,45,170877.21,300875.36
1,16,0,173650.42,300875.36
1,16,15,176539.56,300875.36
1,16,30,179722.14,300875.36
1,16,45,182895.89,300875.36
1,17,0,186381.35,300875.36
1,17,15,194503.45,300875.36
1,17,30,202241.68,300875.36
1,17,45,210068.01,300875.36
1,18,0,218442.88,300875.36
1,18,15,225961.27,300875.36
1,18,30,234136.96,300875.36
1,18,45,241567.2,300875.36
1,19,0,249474.22,300875.36
1,19,15,252581.67,300875.36
1,19,30,255489.19,300875.36
1,19,45,258523.27,300875.36
1,20,0,261749.33,300875.36
1,20,15,265010.19,300875.36
1,20,30,268054.72,300875.36
1,20,45,271515.43,300875.36
1,21,0,274494.49,300875.36
1,21,15,277577.37,300875.36
1,21,30,280231.61,300875.36
1,21,45,282907.03,300875.36
1,22,0,286094.96,300875.36
1,22,15,289313.63,300875.36
1,22,30,291899.84,300875.36
1,22,45,294890.11,300875.36
1,23,0,297828.02,300875.36
1,23,15,298609.71,300875.36
1,23,30,299435.08,300875.36
1,23,45,300123.03,300875.36
2,0,0,28.87,299958.26
2,0,15,898.6,299958.26
2,0,30,1607.25,299958.26
2,0,45,2465.98,299958.26
2,1,0,3381.51,299958.26
2,1,15,4157.2,299958.26
2,1,30,4876.98,299958.26
2,1,45,5721.41,299958.26
2,2,0,6427.84,299958.26
2,2,15,7057.98,299958.26
2,2,30,7903.43,299958.26
2,2,45,8601.12,299958.26
2,3,0,9383.87,299958.26
2,3,15,10141.06,299958.26
2,3,30,10905.78,299958.26
2,3,45,11664.68,299958.26
2,4,0,12374.19,299958.26
2,4,15,13127.84,299958.26
2,4,30,13826.09,299958.26
2,4,45,14638.26,299958.26
2,5,0,15442.53,299958.26
2,5,15,16216.27,299958.26
2,5,30,16837.07,299958.26
2,5,45,17606.84,299958.26
2,6,0,18487.26,299958.26
2,6,15,21493.16,299958.26
2,6,30,24386.57,299958.26
2,6,45,26978.1,299958.26
2,7,0,29795.94,299958.26
2,7,15,32659.28,299958.26
2,7,30,35767.71,299958.26
2,7,45,38689.17,299958.26
2,8,0,42203.13,299958.26
2,8,15,50391.91,299958.26
2,8,30,57640.35,299958.26
2,8,45,65034.33,299958.26
2,9,0,72910.14,299958.26
2,9,15,80910.37,299958.26
2,9,30,88925.41,299958.26
2,9,45,96450.56,299958.26
2,10,0,104076.98,299958.26
2,10,15,107435.99,299958.26
2,10,30,110316.76,299958.26
2,10,45,113308.35,299958.26
2,11,0,116252.41,299958.26
2,11,15,119311.46,299958.26
2,11,30,122657.09,299958.26
2,11,45,125389.24,299958.26
2,12,0,128518.92,299958.26
2,12,15,131569.4,299958.26
2,12,30,134767.77,299958.26
2,12,45,137557.98,299958.26
2,13,0,140565.74,299958.26
2,13,15,143717.71,299958.26
2,13,30,146985.74,299958.26
2,13,45,149766.77,299958.26
2,14,0,152779.77,299958.26
2,14,15,155846.6,299958.26
2,14,30,158979.56,299958.26
2,14,45,161783.21,299958.26
2,15,0,164995.3,299958.26
2,15,15,167815.35,299958.26
2,15,30,170784.19,299958.26
2,15,45,174015.45,299958.26
2,16,0,177124.51,299958.26
2,16,15,180176.3,299958.26
2,16,30,183082.28,299958.26
2,16,45,186289.18,299958.26
2,17,0,189347.18,299958.26
2,17,15,196766.48,299958.26
2,17,30,204940.77,299958.26
2,17,45,212405.3,299958.26
2,18,0,219593.28,299958.26
2,18,15,227180.4,299958.26
2,18,30,234938.16,299958.26
2,18,45,242740.04,299958.26
2,19,0,250009.45,299958.26
2,19,15,253260.89,299958.26
2,19,30,256150.24,299958.26
2,19,45,259096.53,299958.26
2,20,0,261804.8,299958.26
2,20,15,264431.27,299958.26
2,20,30,267362.57,299958.26
2,20,45,269936.2,299958.26
2,21,0,272731.38,299958.26
2,21,15,275817.18,299958.26
2,21,30,278642.6,299958.26
2,21,45,282013.73,299958.26
2,22,0,285019.61,299958.26
2,22,15,288071.28,299958.26
2,22,30,290927.35,299958.26
2,22,45,293820.54,299958.26
2,23,0,296956.59,299958.26
2,23,15,297726.16,299958.26
2,23,30,298436.9,299958.26
2,23,45,299249.9,299958.26
3,0,0,48.68,295600.03
3,0,15,761.16,295600.03
3,0,30,1466.05,295600.03
3,0,45,2302.13,295600.03
3,1,0,3124.33,295600.03
3,1,15,3953.09,295600.03
3,1,30,4706.21,295600.03
3,1,45,5401.54,295600.03
3,2,0,6146.94,295600.03
3,2,15,6904.55,295600.03
3,2,30,7382.66,295600.03
3,2,45,7996.62,295600.03
3,3,0,8775.04,295600.03
3,3,15,9547.24,295600.03
3,3,30,10364.8,295600.03
3,3,45,11154.43,295600.03
3,4,0,12036.95,295600.03
3,4,15,12778.19,295600.03
3,4,30,13565.51,295600.03
3,4,45,14167.31,295600.03
3,5,0,14861.79,295600.03
3,5,15,15583.6,295600.03
3,5,30,16310.55,295600.03
3,5,45,17008.23,295600.03
3,6,0,18061.52,295600.03
3,6,15,21205.73,295600.03
3,6,30,24035.65,295600.03
3,6,45,27073.33,295600.03
3,7,0,30042.65,295600.03
3,7,15,32743.44,295600.03
3,7,30,35724.44,295600.03
3,7,45,39147.66,295600.03
3,8,0,42958.98,295600.03
3,8,15,50135.62,295600.03
3,8,30,58076.59,295600.03
3,8,45,65701.98,295600.03
3,9,0,72537.53,295600.03
3,9,15,79733.68,295600.03
3,9,30,87150.81,295600.03
3,9,45,94971.53,295600.03
3,10,0,102386.2,295600.03
3,10,15,105080.96,295600.03
3,10,30,108455.32,295600.03
3,10,45,111292.86,295600.03
3,11,0,113972.45,295600.03
3,11,15,116950.91,295600.03
3,11,30,119964.71,295600.03
3,11,45,122854.04,295600.03
3,12,0,125865.9,295600.03
3,12,15,128717.69,295600.03
3,12,30,131609.63,295600.03
3,12,45,134427.35,295600.03
3,13,0,137375.01,295600.03
3,13,15,140049.44,295600.03
3,13,30,143150.65,295600.03
3,13,45,146226.61,295600.03
3,14,0,149282.85,295600.03
3,14,15,152064.7,295600.03
3,14,30,154763.31,295600.03
3,14,45,157788.51,295600.03
3,15,0,161046.11,295600.03
3,15,15,163986.11,295600.03
3,15,30,167299.06,295600.03
3,15,45,170200.18,295600.03
3,16,0,173229.99,295600.03
3,16,15,176372.53,295600.03
3,16,30,179440.2,295600.03
3,16,45,182569.39,295600.03
3,17,0,185622.77,295600.03
3,17,15,193283.26,295600.03
3,17,30,200964.57,295600.03
3,17,45,207884.13,295600.03
3,18,0,216148.92,295600.03
3,18,15,223423.36,295600.03
3,18,30,230974.89,295600.03
3,18,45,238210.45,295600.03
3,19,0,245398.88,295600.03
3,19,15,248221.97,295600.03
3,19,30,251387.25,295600.03
3,19,45,254121.21,295600.03
3,20,0,257102.59,295600.03
3,20,15,260234.82,295600.03
3,20,30,262965.28,295600.03
3,20,45,266145.6,295600.03
3,21,0,269101.21,295600.03
3,21,15,271888.0,295600.03
3,21,30,275073.65,295600.03
3,21,45,277965.54,295600.03
3,22,0,280958.64,295600.03
3,22,15,283744.85,295600.03
3,22,30,286762.08,295600.03
3,22,45,289731.6,295600.03
3,23,0,292631.78,295600.03
3,23,15,293417.32,295600.03
3,23,30,294086.73,295600.03
3,23,45,294909.89,295600.03
4,0,0,30.93,297078.97
4,0,15,804.04,297078.97
4,0,30,1713.41,297078.97
4,0,45,2410.26,297078.97
4,1,0,3018.93,297078.97
4,1,15,3738.39,297078.97
4,1,30,4568.76,297078.97
4,1,45,5442.21,297078.97
4,2,0,6136.94,297078.97
4,2,15,6908.0,297078.97
4,2,30,7617.12,297078.97
4,2,45,8404.05,297078.97
4,3,0,9161.68,297078.97
4,3,15,9914.87,297078.97
4,3,30,10640.17,297078.97
4,3,45,11329.94,297078.97
4,4,0,12134.76,297078.97
4,4,15,12857.04,297078.97
4,4,30,13527.24,297078.97
4,4,45,14222.51,297078.97
4,5,0,15041.75,297078.97
4,5,15,15796.63,297078.97
4,5,30,16541.17,297078.97
4,5,45,17444.75,297078.97
4,6,0,18240.29,297078.97
4,6,15,21343.23,297078.97
4,6,30,24455.72,297078.97
4,6,45,27240.14,297078.97
4,7,0,30612.07,297078.97
4,7,15,33526.49,297078.97
4,7,30,36500.93,297078.97
4,7,45,39709.85,297078.97
4,8,0,43080.4,297078.97
4,8,15,50051.2,297078.97
4,8,30,57860.43,297078.97
4,8,45,64715.74,297078.97
4,9,0,72203.87,297078.97
4,9,15,79679.22,297078.97
4,9,30,87163.45,297078.97
4,9,45,95014.92,297078.97
4,10,0,101929.15,297078.97
4,10,15,104904.61,297078.97
4,10,30,108099.72,297078.97
4,10,45,111259.3,297078.97
4,11,0,114358.69,297078.97
4,11,15,117241.9,297078.97
4,11,30,120408.05,297078.97
4,11,45,122931.09,297078.97
4,12,0,126207.23,297078.97
4,12,15,129025.02,297078.97
4,12,30,132259.95,297078.97
4,12,45,134956.47,297078.97
4,13,0,137954.77,297078.97
4,13,15,141237.22,297078.97
4,13,30,144095.21,297078.97
4,13,45,146838.68,297078.97
4,14,0,149850.72,297078.97
4,14,15,153200.36,297078.97
4,14,30,156158.79,297078.97
4,14,45,159289.12,297078.97
4,15,0,162373.7,297078.97
4,15,15,165297.21,297078.97
4,15,30,168297.74,297078.97
4,15,45,171358.54,297078.97
4,16,0,174263.81,297078.97
4,16,15,177134.87,297078.97
4,16,30,180338.19,297078.97
4,16,45,183313.52,297078.97
4,17,0,186632.05,297078.97
4,17,15,194069.89,297078.97
4,17,30,201192.75,297078.97
4,17,45,209165.87,297078.97
4,18,0,216558.82,297078.97
4,18,15,223676.76,297078.97
4,18,30,231393.97,297078.97
4,18,45,238235.13,297078.97
4,19,0,245741.88,297078.97
4,19,15,248459.76,297078.97
4,19,30,251369.23,297078.97
4,19,45,254361.25,297078.97
4,20,0,257321.13,297078.97
4,20,15,260393.41,297078.97
4,20,30,263134.18,297078.97
4,20,45,266593.72,297078.97
4,21,0,269878.96,297078.97
4,21,15,272744.01,297078.97
4,21,30,275814.42,297078.97
4,21,45,279258.73,297078.97
4,22,0,282614.26,297078.97
4,22,15,285418.77,297078.97
4,22,30,288156.14,297078.97
4,22,45,290885.34,297078.97
4,23,0,294168.72,297078.97
4,23,15,294847.41,297078.97
4,23,30,295726.07,297078.97
4,23,45,296425.83,297078.97
5,0,0,18.33,208563.07
5,0,15,562.73,208563.07
5,0,30,1104.37,208563.07
5,0,45,1578.63,208563.07
5,1,0,2097.55,208563.07
5,1,15,2566.99,208563.07
5,1,30,3069.54,208563.07
5,1,45,3562.96,208563.07
5,2,0,4150.63,208563.07
5,2,15,4669.39,208563.07
5,2,30,5132.01,208563.07
5,2,45,5746.11,208563.07
5,3,0,6193.77,208563.07
5,3,15,6755.78,208563.07
5,3,30,7297.42,208563.07
5,3,45,7922.59,208563.07
5,4,0,8388.58,208563.07
5,4,15,8915.93,208563.07
5,4,30,9403.07,208563.07
5,4,45,9958.25,208563.07
5,5,0,10451.67,208563.07
5,5,15,11004.15,208563.07
5,5,30,11501.97,208563.07
5,5,45,12100.89,208563.07
5,6,0,12722.08,208563.07
5,6,15,15003.69,208563.07
5,6,30,17294.87,208563.07
5,6,45,19275.44,208563.07
5,7,0,21177.7,208563.07
5,7,15,23161.16,208563.07
5,7,30,25301.77,208563.07
5,7,45,27567.87,208563.07
5,8,0,30059.43,208563.07
5,8,15,35840.61,208563.07
5,8,30,41095.96,208563.07
5,8,45,46000.8,208563.07
5,9,0,51887.27,208563.07
5,9,15,56923.47,208563.07
5,9,30,62278.03,208563.07
5,9,45,67315.26,208563.07
5,10,0,72124.02,208563.07
5,10,15,74050.86,208563.07
5,10,30,76215.33,208563.07
5,10,45,78452.77,208563.07
5,11,0,80699.03,208563.07
5,11,15,82827.96,208563.07
5,11,30,84861.2,208563.07
5,11,45,87053.33,208563.07
5,12,0,89287.24,208563.07
5,12,15,91587.96,208563.07
5,12,30,93668.61,208563.07
5,12,45,95733.2,208563.07
5,13,0,97946.41,208563.07
5,13,15,100021.13,208563.07
5,13,30,102134.98,208563.07
5,13,45,104208.61,208563.07
5,14,0,106212.14,208563.07
5,14,15,108445.47,208563.07
5,14,30,110503.78,208563.07
5,14,45,112897.97,208563.07
5,15,0,114894.31,208563.07
5,15,15,116921.96,208563.07
5,15,30,119106.32,208563.07
5,15,45,121155.6,208563.07
5,16,0,123205.85,208563.07
5,16,15,125104.45,208563.07
5,16,30,127192.17,208563.07
5,16,45,129339.0,208563.07
5,17,0,131801.36,208563.07
5,17,15,136862.32,208563.07
5,17,30,141783.51,208563.07
5,17,45,146855.69,208563.07
5,18,0,152419.48,208563.07
5,18,15,157376.71,208563.07
5,18,30,162680.65,208563.07
5,18,45,168114.36,208563.07
5,19,0,173083.75,208563.07
5,19,15,175411.15,208563.07
5,19,30,177397.41,208563.07
5,19,45,179365.18,208563.07
5,20,0,181480.27,208563.07
5,20,15,183593.24,208563.07
5,20,30,185724.74,208563.07
5,20,45,188060.0,208563.07
5,21,0,190260.49,208563.07
5,21,15,192293.04,208563.07
5,21,30,194330.98,208563.07
5,21,45,196333.61,208563.07
5,22,0,198310.7,208563.07
5,22,15,200332.49,208563.07
5,22,30,202303.5,208563.07
5,22,45,204345.27,208563.07
5,23,0,206417.27,208563.07
5,23,15,207004.25,208563.07
5,23,30,207546.6,208563.07
5,23,45,208086.73,208563.07
6,0,0,44.76,208405.72
6,0,15,521.3,208405.72
6,0,30,1090.66,208405.72
6,0,45,1718.21,208405.72
6,1,0,2235.23,208405.72
6,1,15,2865.12,208405.72
6,1,30,3402.28,208405.72
6,1,45,3959.83,208405.72
6,2,0,4457.31,208405.72
6,2,15,5008.15,208405.72
6,2,30,5456.56,208405.72
6,2,45,5883.0,208405.72
6,3,0,6495.28,208405.72
6,3,15,6962.23,208405.72
6,3,30,7579.37,208405.72
6,3,45,8188.67,208405.72
6,4,0,8724.63,208405.72
6,4,15,9254.27,208405.72
6,4,30,9733.68,208405.72
6,4,45,10262.75,208405.72
6,5,0,10918.32,208405.72
6,5,15,11475.19,208405.72
6,5,30,12011.35,208405.72
6,5,45,12540.24,208405.72
6,6,0,13163.28,208405.72
6,6,15,15383.33,208405.72
6,6,30,17296.33,208405.72
6,6,45,19250.84,208405.72
6,7,0,21644.7,208405.72
6,7,15,23801.18,208405.72
6,7,30,25838.86,208405.72
6,7,45,27841.72,208405.72
6,8,0,30443.69,208405.72
6,8,15,35300.9,208405.72
6,8,30,41097.24,208405.72
6,8,45,46416.28,208405.72
6,9,0,52012.88,208405.72
6,9,15,57497.37,208405.72
6,9,30,62386.29,208405.72
6,9,45,67924.67,208405.72
6,10,0,72965.97,208405.72
6,10,15,75072.63,208405.72
6,10,30,77186.25,208405.72
6,10,45,79376.53,208405.72
6,11,0,81522.39,208405.72
6,11,15,83646.22,208405.72
6,11,30,85847.48,208405.72
6,11,45,87938.4,208405.72
6,12,0,89973.53,208405.72
6,12,15,91990.27,208405.72
6,12,30,94013.19,208405.72
6,12,45,96080.17,208405.72
6,13,0,97923.32,208405.72
6,13,15,100006.83,208405.72
6,13,30,102024.45,208405.72
6,13,45,104057.37,208405.72
6,14,0,106125.64,208405.72
6,14,15,108270.72,208405.72
6,14,30,110547.02,208405.72
6,14,45,112586.32,208405.72
6,15,0,114821.27,208405.72
6,15,15,116828.17,208405.72
6,15,30,118959.78,208405.72
6,15,45,121296.68,208405.72
6,16,0,123311.01,208405.72
6,16,15,125321.89,208405.72
6,16,30,127503.64,208405.72
6,16,45,129684.24,208405.72
6,17,0,131989.67,208405.72
6,17,15,137367.86,208405.72
6,17,30,142256.55,208405.72
6,17,45,147339.94,208405.72
6,18,0,152730.25,208405.72
6,18,15,158177.41,208405.72
6,18,30,163417.92,208405.72
6,18,45,168561.75,208405.72
6,19,0,173313.5,208405.72
6,19,15,175370.64,208405.72
6,19,30,177558.12,208405.72
6,19,45,179447.38,208405.72
6,20,0,181324.71,208405.72
6,20,15,183406.01,208405.72
6,20,30,185421.93,208405.72
6,20,45,187539.46,208405.72
6,21,0,189926.41,208405.72
6,21,15,192068.62,208405.72
6,21,30,194081.25,208405.72
6,21,45,196127.75,208405.72
6,22,0,198156.64,208405.72
6,22,15,200204.33,208405.72
6,22,30,202372.26,208405.72
6,22,45,204259.9,208405.72
6,23,0,206282.17,208405.72
6,23,15,206789.47,208405.72
6,23,30,207391.83,208405.72
6,23,45,207870.78,208405.72
0,0,0,87.34,296998.29
0,0,15,795.21,296998.29
0,0,30,1534.37,296998.29
0,0,45,2214.59,296998.29
0,1,0,2905.53,296998.29
0,1,15,3668.24,296998.29
0,1,30,4445.62,296998.29
0,1,45,5168.16,296998.29
0,2,0,6023.77,296998.29
0,2,15,6961.51,296998.29
0,2,30,7756.91,296998.29
0,2,45,8673.46,296998.29
0,3,0,9552.37,296998.29
0,3,15,10163.33,296998.29
0,3,30,10885.47,296998.29
0,3,45,11653.14,296998.29
0,4,0,12374.05,296998.29
0,4,15,13216.64,296998.29
0,4,30,14002.78,296998.29
0,4,45,14606.26,296998.29
0,5,0,15284.04,296998.29
0,5,15,15962.15,296998.29
0,5,30,16753.0,296998.29
0,5,45,17561.43,296998.29
0,6,0,18405.12,296998.29
0,6,15,21470.08,296998.29
0,6,30,24542.77,296998.29
0,6,45,27740.22,296998.29
0,7,0,30741.39,296998.29
0,7,15,33608.54,296998.29
0,7,30,36781.84,296998.29
0,7,45,39966.79,296998.29
0,8,0,43797.0,296998.29
0,8,15,52070.4,296998.29
0,8,30,59723.99,296998.29
0,8,45,66223.37,296998.29
0,9,0,73817.31,296998.29
0,9,15,80620.21,296998.29
0,9,30,88209.3,296998.29
0,9,45,95663.14,296998.29
0,10,0,102581.14,296998.29
0,10,15,105813.16,296998.29
0,10,30,108762.25,296998.29
0,10,45,111709.62,296998.29
0,11,0,114604.08,296998.29
0,11,15,117981.38,296998.29
0,11,30,121090.29,296998.29
0,11,45,123841.44,296998.29
0,12,0,126918.94,296998.29
0,12,15,129967.12,296998.29
0,12,30,132950.9,296998.29
0,12,45,136314.64,296998.29
0,13,0,139393.06,296998.29
0,13,15,142388.84,296998.29
0,13,30,145410.28,296998.29
0,13,45,148077.56,296998.29
0,14,0,151050.58,296998.29
0,14,15,154438.89,296998.29
0,14,30,157538.03,296998.29
0,14,45,160467.11,296998.29
0,15,0,163621.68,296998.29
0,15,15,166508.89,296998.29
0,15,30,169337.38,296998.29
0,15,45,172400.92,296998.29
0,16,0,175379.53,296998.29
0,16,15,178289.32,296998.29
0,16,30,180988.56,296998.29
0,16,45,183809.62,296998.29
0,17,0,187083.11,296998.29
0,17,15,194858.99,296998.29
0,17,30,202824.15,296998.29
0,17,45,210231.51,296998.29
0,18,0,217757.77,296998.29
0,18,15,225289.77,296998.29
0,18,30,232903.61,296998.29
0,18,45,240499.72,296998.29
0,19,0,247085.68,296998.29
0,19,15,249763.21,296998.29
0,19,30,252714.12,296998.29
0,19,45,256003.1,296998.29
0,20,0,259149.49,296998.29
0,20,15,261427.19,296998.29
0,20,30,264151.45,296998.29
0,20,45,267505.17,296998.29
0,21,0,270218.83,296998.29
0,21,15,272987.84,296998.29
0,21,30,275955.99,296998.29
0,21,45,278807.7,296998.29
0,22,0,282054.97,296998.29
0,22,15,285175.64,296998.29
0,22,30,288498.08,296998.29
0,22,45,291220.59,296998.29
0,23,0,294001.07,296998.29
0,23,15,294769.35,296998.29
0,23,30,295656.61,296998.29
0,23,45,296423.44,296998.29
1,0,0,22.56,298955.2
1,0,15,857.66,298955.2
1,0,30,1693.77,298955.2
1,0,45,2417.22,298955.2
1,1,0,3145.58,298955.2
1,1,15,3878.23,298955.2
1,1,30,4603.56,298955.2
1,1,45,5326.42,298955.2
1,2,0,5982.97,298955.2
1,2,15,6631.54,298955.2
1,2,30,7399.99,298955.2
1,2,45,8160.15,298955.2
1,3,0,8937.73,298955.2
1,3,15,9661.25,298955.2
1,3,30,10338.69,298955.2
1,3,45,10936.77,298955.2
1,4,0,11547.91,298955.2
1,4,15,12337.42,298955.2
1,4,30,13043.22,298955.2
1,4,45,13752.86,298955.2
1,5,0,14484.24,298955.2
1,5,15,15176.21,298955.2
1,5,30,15784.67,298955.2
1,5,45,16538.11,298955.2
1,6,0,17418.77,298955.2
1,6,15,21085.84,298955.2
1,6,30,24127.87,298955.2
1,6,45,26919.12,298955.2
1,7,0,29969.17,298955.2
1,7,15,32905.66,298955.2
1,7,30,36027.55,298955.2
1,7,45,38828.81,298955.2
1,8,0,42385.02,298955.2
1,8,15,50071.48,298955.2
1,8,30,57540.42,298955.2
1,8,45,65178.32,298955.2
1,9,0,72749.57,298955.2
1,9,15,80172.97,298955.2
1,9,30,87641.14,298955.2
1,9,45,94968.57,298955.2
1,10,0,102643.77,298955.2
1,10,15,105957.07,298955.2
1,10,30,109100.76,298955.2
1,10,45,112143.55,298955.2
1,11,0,115248.77,298955.2
1,11,15,118097.68,298955.2
1,11,30,121196.27,298955.2
1,11,45,124196.94,298955.2
1,12,0,127431.98,298955.2
1,12,15,130330.9,298955.2
1,12,30,133319.89,298955.2
1,12,45,136744.94,298955.2
1,13,0,139972.01,298955.2
1,13,15,143106.86,298955.2
1,13,30,146057.91,298955.2
1,13,45,148930.69,298955.2
1,14,0,151969.94,298955.2
1,14,15,154835.44,298955.2
1,14,30,158113.58,298955.2
1,14,45,161011.75,298955.2
1,15,0,164081.63,298955.2
1,15,15,167346.74,298955.2
1,15,30,170716.96,298955.2
1,15,45,173925.56,298955.2
1,16,0,177026.65,298955.2
1,16,15,180054.43,298955.2
1,16,30,182967.5,298955.2
1,16,45,185975.61,298955.2
1,17,0,189215.78,298955.2
1,17,15,196850.88,298955.2
1,17,30,204111.6,298955.2
1,17,45,212041.07,298955.2
1,18,0,219138.95,298955.2
1,18,15,226106.43,298955.2
1,18,30,233535.68,298955.2
1,18,45,240730.0,298955.2
1,19,0,247911.79,298955.2
1,19,15,251044.15,298955.2
1,19,30,253735.2,298955.2
1,19,45,256702.64,298955.2
1,20,0,259635.0,298955.2
1,20,15,262657.51,298955.2
1,20,30,265724.26,298955.2
1,20,45,268718.28,298955.2
1,21,0,271796.95,298955.2
1,21,15,274906.98,298955.2
1,21,30,278073.19,298955.2
1,21,45,281012.29,298955.2
1,22,0,283850.26,298955.2
1,22,15,287046.03,298955.2
1,22,30,289975.03,298955.2
1,22,45,293181.4,298955.2
1,23,0,296150.04,298955.2
1,23,15,296819.72,298955.2
1,23,30,297611.66,298955.2
1,23,45,298296.83,298955.2
2,0,0,43.16,298115.28
2,0,15,768.63,298115.28
2,0,30,1572.7,298115.28
2,0,45,2346.14,298115.28
2,1,0,3222.37,298115.28
2,1,15,3956.53,298115.28
2,1,30,4926.23,298115.28
2,1,45,5466.01,298115.28
2,2,0,6318.1,298115.28
2,2,15,6900.3,298115.28
2,2,30,7666.64,298115.28
2,2,45,8343.34,298115.28
2,3,0,9063.0,298115.28
2,3,15,9801.61,298115.28
2,3,30,10492.12,298115.28
2,3,45,11347.16,298115.28
2,4,0,11914.44,298115.28
2,4,15,12797.93,298115.28
2,4,30,13491.29,298115.28
2,4,45,14222.32,298115.28
2,5,0,15010.05,298115.28
2,5,15,15786.59,298115.28
2,5,30,16684.27,298115.28
2,5,45,17252.08,298115.28
2,6,0,18040.72,298115.28
2,6,15,20872.83,298115.28
2,6,30,23940.64,298115.28
2,6,45,27068.43,298115.28
2,7,0,30166.09,298115.28
2,7,15,33220.46,298115.28
2,7,30,36332.15,298115.28
2,7,45,39275.04,298115.28
2,8,0,42287.18,298115.28
2,8,15,49773.85,298115.28
2,8,30,56734.1,298115.28
2,8,45,63591.79,298115.28
2,9,0,71117.16,298115.28
2,9,15,78118.39,298115.28
2,9,30,85464.03,298115.28
2,9,45,93116.0,298115.28
2,10,0,100413.71,298115.28
2,10,15,103500.79,298115.28
2,10,30,106617.25,298115.28
2,10,45,109827.0,298115.28
2,11,0,113003.09,298115.28
2,11,15,116246.32,298115.28
2,11,30,119450.66,298115.28
2,11,45,122635.44,298115.28
2,12,0,125540.95,298115.28
2,12,15,128798.5,298115.28
2,12,30,132230.22,298115.28
2,12,45,135230.79,298115.28
2,13,0,137974.71,298115.28
2,13,15,141126.56,298115.28
2,13,30,144329.07,298115.28
2,13,45,147131.11,298115.28
2,14,0,150070.41,298115.28
2,14,15,153065.98,298115.28
2,14,30,156330.74,298115.28
2,14,45,159167.49,298115.28
2,15,0,162140.9,298115.28
2,15,15,164940.37,298115.28
2,15,30,167663.58,298115.28
2,15,45,171019.86,298115.28
2,16,0,174147.43,298115.28
2,16,15,177192.8,298115.28
2,16,30,180253.78,298115.28
2,16,45,183188.68,298115.28
2,17,0,186354.56,298115.28
2,17,15,194566.04,298115.28
2,17,30,202019.58,298115.28
2,17,45,209203.55,298115.28
2,18,0,216431.21,298115.28
2,18,15,223940.13,298115.28
2,18,30,231892.74,298115.28
2,18,45,239413.65,298115.28
2,19,0,246517.31,298115.28
2,19,15,250081.11,298115.28
2,19,30,252816.78,298115.28
2,19,45,256311.31,298115.28
2,20,0,259341.09,298115.28
2,20,15,262496.18,298115.28
2,20,30,265411.68,298115.28
2,20,45,268815.37,298115.28
2,21,0,271647.44,298115.28
2,21,15,274867.29,298115.28
2,21,30,277456.93,298115.28
2,21,45,280430.56,298115.28
2,22,0,283135.51,298115.28
2,22,15,285743.32,298115.28
2,22,30,288775.93,298115.28
2,22,45,291914.89,298115.28
2,23,0,295238.49,298115.28
2,23,15,295899.68,298115.28
2,23,30,296715.77,298115.28
2,23,45,297495.99,298115.28
3,0,0,44.06,297713.11
3,0,15,775.02,297713.11
3,0,30,1429.36,297713.11
3,0,45,2174.79,297713.11
3,1,0,2757.89,297713.11
3,1,15,3593.35,297713.11
3,1,30,4347.82,297713.11
3,1,45,5166.06,297713.11
3,2,0,5971.82,297713.11
3,2,15,6697.15,297713.11
3,2,30,7362.77,297713.11
3,2,45,8109.99,297713.11
3,3,0,8841.6,297713.11
3,3,15,9610.99,297713.11
3,3,30,10478.91,297713.11
3,3,45,11191.83,297713.11
3,4,0,11959.13,297713.11
3,4,15,12723.65,297713.11
3,4,30,13444.27,297713.11
3,4,45,14243.57,297713.11
3,5,0,15050.28,297713.11
3,5,15,15735.53,297713.11
3,5,30,16416.4,297713.11
3,5,45,17262.02,297713.11
3,6,0,17979.94,297713.11
3,6,15,20836.03,297713.11
3,6,30,23820.74,297713.11
3,6,45,26879.62,297713.11
3,7,0,29831.54,297713.11
3,7,15,32974.59,297713.11
3,7,30,35747.11,297713.11
3,7,45,38851.97,297713.11
3,8,0,42581.34,297713.11
3,8,15,49268.31,297713.11
3,8,30,57342.26,297713.11
3,8,45,65233.17,297713.11
3,9,0,72977.07,297713.11
3,9,15,81017.88,297713.11
3,9,30,87989.02,297713.11
3,9,45,95743.81,297713.11
3,10,0,102578.22,297713.11
3,10,15,105817.5,297713.11
3,10,30,108868.88,297713.11
3,10,45,111967.56,297713.11
3,11,0,115235.43,297713.11
3,11,15,118395.5,297713.11
3,11,30,121451.76,297713.11
3,11,45,124600.94,297713.11
3,12,0,127578.66,297713.11
3,12,15,130290.17,297713.11
3,12,30,133420.84,297713.11
3,12,45,136471.59,297713.11
3,13,0,139719.01,297713.11
3,13,15,142786.47,297713.11
3,13,30,145570.17,297713.11
3,13,45,148486.83,297713.11
3,14,0,151418.83,297713.11
3,14,15,154386.41,297713.11
3,14,30,157405.14,297713.11
3,14,45,160462.44,297713.11
3,15,0,163491.37,297713.11
3,15,15,166726.82,297713.11
3,15,30,169630.62,297713.11
3,15,45,172308.17,297713.11
3,16,0,175651.99,297713.11
3,16,15,178570.21,297713.11
3,16,30,181778.08,297713.11
3,16,45,184854.1,297713.11
3,17,0,187931.35,297713.11
3,17,15,195423.66,297713.11
3,17,30,202948.69,297713.11
3,17,45,210438.62,297713.11
3,18,0,218187.33,297713.11
3,18,15,225653.22,297713.11
3,18,30,233116.85,297713.11
3,18,45,240302.48,297713.11
3,19,0,246612.91,297713.11
3,19,15,249506.48,297713.11
3,19,30,252391.81,297713.11
3,19,45,255441.38,297713.11
3,20,0,258568.23,297713.11
3,20,15,261868.23,297713.11
3,20,30,264796.62,297713.11
3,20,45,268077.31,297713.11
3,21,0,271213.95,297713.11
3,21,15,274266.92,297713.11
3,21,30,276826.02,297713.11
3,21,45,279736.66,297713.11
3,22,0,282852.07,297713.11
3,22,15,285789.02,297713.11
3,22,30,288911.13,297713.11
3,22,45,291660.42,297713.11
3,23,0,294513.24,297713.11
3,23,15,295302.79,297713.11
3,23,30,296205.2,297713.11
3,23,45,296953.67,297713.11
4,0,0,75.61,295948.55
4,0,15,856.86,295948.55
4,0,30,1588.89,295948.55
4,0,45,2379.59,295948.55
4,1,0,3198.61,295948.55
4,1,15,4003.23,295948.55
4,1,30,4769.95,295948.55
4,1,45,5500.0,295948.55
4,2,0,6318.33,295948.55
4,2,15,7066.86,295948.55
4,2,30,7891.82,295948.55
4,2,45,8607.45,295948.55
4,3,0,9321.58,295948.55
4,3,15,10031.28,295948.55
4,3,30,10830.31,295948.55
4,3,45,11568.42,295948.55
4,4,0,12385.33,295948.55
4,4,15,13109.27,295948.55
4,4,30,13824.34,295948.55
4,4,45,14519.72,295948.55
4,5,0,15225.5,295948.55
4,5,15,15988.24,295948.55
4,5,30,16810.82,295948.55
4,5,45,17604.44,295948.55
4,6,0,18416.69,295948.55
4,6,15,21213.87,295948.55
4,6,30,24391.45,295948.55
4,6,45,27176.3,295948.55
4,7,0,30142.21,295948.55
4,7,15,32845.42,295948.55
4,7,30,35667.91,295948.55
4,7,45,38761.85,295948.55
4,8,0,42041.46,295948.55
4,8,15,49436.8,295948.55
4,8,30,57089.07,295948.55
4,8,45,64741.08,295948.55
4,9,0,72010.34,295948.55
4,9,15,79932.18,295948.55
4,9,30,87371.32,295948.55
4,9,45,94503.02,295948.55
4,10,0,101733.69,295948.55
4,10,15,104545.42,295948.55
4,10,30,107412.8,295948.55
4,10,45,110166.28,295948.55
4,11,0,113028.74,295948.55
4,11,15,115721.93,295948.55
4,11,30,118784.39,295948.55
4,11,45,121812.46,295948.55
4,12,0,124588.65,295948.55
4,12,15,127256.21,295948.55
4,12,30,130169.18,295948.55
4,12,45,133302.89,295948.55
4,13,0,136012.62,295948.55
4,13,15,139093.23,295948.55
4,13,30,141865.1,295948.55
4,13,45,144951.37,295948.55
4,14,0,147844.32,295948.55
4,14,15,150964.01,295948.55
4,14,30,154008.34,295948.55
4,14,45,157155.22,295948.55
4,15,0,160323.55,295948.55
4,15,15,163654.0,295948.55
4,15,30,166423.15,295948.55
4,15,45,169526.6,295948.55
4,16,0,172708.98,295948.55
4,16,15,175532.97,295948.55
4,16,30,178663.09,295948.55
4,16,45,181857.69,295948.55
4,17,0,184855.06,295948.55
4,17,15,192810.02,295948.55
4,17,30,200632.51,295948.55
4,17,45,208017.0,295948.55
4,18,0,215410.82,295948.55
4,18,15,222769.21,295948.55
4,18,30,230897.25,295948.55
4,18,45,239019.1,295948.55
4,19,0,246253.02,295948.55
4,19,15,249459.81,295948.55
4,19,30,252277.2,295948.55
4,19,45,255206.63,295948.55
4,20,0,258335.05,295948.55
4,20,15,261063.49,295948.55
4,20,30,263841.23,295948.55
4,20,45,266856.89,295948.55
4,21,0,269805.46,295948.55
4,21,15,273140.79,295948.55
4,21,30,275784.05,295948.55
4,21,45,278716.72,295948.55
4,22,0,281486.82,295948.55
4,22,15,284329.79,295948.55
4,22,30,287350.18,295948.55
4,22,45,290233.88,295948.55
4,23,0,292951.6,295948.55
4,23,15,293729.88,295948.55
4,23,30,294524.71,295948.55
4,23,45,295299.84,295948.55
5,0,0,41.05,207149.54
5,0,15,524.93,207149.54
5,0,30,972.84,207149.54
5,0,45,1471.43,207149.54
5,1,0,2043.46,207149.54
5,1,15,2623.92,207149.54
5,1,30,3121.13,207149.54
5,1,45,3722.19,207149.54
5,2,0,4252.77,207149.54
5,2,15,4736.05,207149.54
5,2,30,5331.16,207149.54
5,2,45,5941.81,207149.54
5,3,0,6350.46,207149.54
5,3,15,6951.07,207149.54
5,3,30,7413.65,207149.54
5,3,45,7824.43,207149.54
5,4,0,8319.34,207149.54
5,4,15,8766.48,207149.54
5,4,30,9224.6,207149.54
5,4,45,9786.83,207149.54
5,5,0,10359.42,207149.54
5,5,15,10923.12,207149.54
5,5,30,11527.46,207149.54
5,5,45,12144.18,207149.54
5,6,0,12757.15,207149.54
5,6,15,14808.96,207149.54
5,6,30,17023.35,207149.54
5,6,45,19158.37,207149.54
5,7,0,21249.4,207149.54
5,7,15,23443.05,207149.54
5,7,30,25597.67,207149.54
5,7,45,27609.56,207149.54
5,8,0,29925.39,207149.54
5,8,15,35238.35,207149.54
5,8,30,40712.95,207149.54
5,8,45,45827.65,207149.54
5,9,0,51325.86,207149.54
5,9,15,56489.02,207149.54
5,9,30,61769.27,207149.54
5,9,45,66661.08,207149.54
5,10,0,71743.77,207149.54
5,10,15,73746.8,207149.54
5,10,30,75740.15,207149.54
5,10,45,77698.66,207149.54
5,11,0,79631.1,207149.54
5,11,15,81570.81,207149.54
5,11,30,83658.06,207149.54
5,11,45,85908.79,207149.54
5,12,0,88042.11,207149.54
5,12,15,90252.48,207149.54
5,12,30,92494.05,207149.54
5,12,45,94234.37,207149.54
5,13,0,96214.48,207149.54
5,13,15,98254.13,207149.54
5,13,30,100442.76,207149.54
5,13,45,102686.06,207149.54
5,14,0,104738.42,207149.54
5,14,15,106812.1,207149.54
5,14,30,108763.3,207149.54
5,14,45,110778.07,207149.54
5,15,0,112512.83,207149.54
5,15,15,114621.07,207149.54
5,15,30,116709.86,207149.54
5,15,45,118818.17,207149.54
5,16,0,120776.99,207149.54
5,16,15,122863.84,207149.54
5,16,30,125034.37,207149.54
5,16,45,127080.67,207149.54
5,17,0,129369.27,207149.54
5,17,15,134995.99,207149.54
5,17,30,140409.92,207149.54
5,17,45,146262.9,207149.54
5,18,0,151396.51,207149.54
5,18,15,156531.53,207149.54
5,18,30,161822.97,207149.54
5,18,45,166745.97,207149.54
5,19,0,172386.69,207149.54
5,19,15,174411.72,207149.54
5,19,30,176488.21,207149.54
5,19,45,178688.55,207149.54
5,20,0,180768.02,207149.54
5,20,15,183043.3,207149.54
5,20,30,185272.26,207149.54
5,20,45,187033.91,207149.54
5,21,0,188861.43,207149.54
5,21,15,190993.55,207149.54
5,21,30,192953.04,207149.54
5,21,45,195041.13,207149.54
5,22,0,197100.82,207149.54
5,22,15,199021.58,207149.54
5,22,30,201013.93,207149.54
5,22,45,203226.15,207149.54
5,23,0,205035.92,207149.54
5,23,15,205574.78,207149.54
5,23,30,206077.25,207149.54
5,23,45,206648.3,207149.54
6,0,0,46.33,206381.67
6,0,15,536.09,206381.67
6,0,30,1058.88,206381.67
6,0,45,1521.17,206381.67
6,1,0,2089.03,206381.67
6,1,15,2604.4,206381.67
6,1,30,3132.36,206381.67
6,1,45,3635.87,206381.67
6,2,0,4166.96,206381.67
6,2,15,4649.19,206381.67
6,2,30,5123.71,206381.67
6,2,45,5663.12,206381.67
6,3,0,6137.7,206381.67
6,3,15,6619.26,206381.67
6,3,30,7084.26,206381.67
6,3,45,7625.33,206381.67
6,4,0,8104.21,206381.67
6,4,15,8640.16,206381.67
6,4,30,9038.45,206381.67
6,4,45,9580.95,206381.67
6,5,0,10112.04,206381.67
6,5,15,10618.65,206381.67
6,5,30,11174.35,206381.67
6,5,45,11774.06,206381.67
6,6,0,12402.48,206381.67
6,6,15,14625.75,206381.67
6,6,30,16664.85,206381.67
6,6,45,18919.72,206381.67
6,7,0,21136.31,206381.67
6,7,15,23378.9,206381.67
6,7,30,25538.25,206381.67
6,7,45,27731.37,206381.67
6,8,0,30021.83,206381.67
6,8,15,35564.48,206381.67
6,8,30,40500.36,206381.67
6,8,45,45390.78,206381.67
6,9,0,50948.98,206381.67
6,9,15,55606.61,206381.67
6,9,30,60743.09,206381.67
6,9,45,65610.32,206381.67
6,10,0,70539.59,206381.67
6,10,15,72631.73,206381.67
6,10,30,74503.39,206381.67
6,10,45,76842.77,206381.67
6,11,0,78915.39,206381.67
6,11,15,80954.02,206381.67
6,11,30,83165.77,206381.67
6,11,45,85395.23,206381.67
6,12,0,87545.31,206381.67
6,12,15,89490.67,206381.67
6,12,30,91641.9,206381.67
6,12,45,93684.43,206381.67
6,13,0,95682.64,206381.67
6,13,15,97574.92,206381.67
6,13,30,99489.92,206381.67
6,13,45,101354.65,206381.67
6,14,0,103701.31,206381.67
6,14,15,105849.06,206381.67
6,14,30,107776.63,206381.67
6,14,45,109862.47,206381.67
6,15,0,111951.84,206381.67
6,15,15,114156.64,206381.67
6,15,30,116273.63,206381.67
6,15,45,118284.46,206381.67
6,16,0,120456.35,206381.67
6,16,15,122530.99,206381.67
6,16,30,124518.86,206381.67
6,16,45,126828.2,206381.67
6,17,0,129003.3,206381.67
6,17,15,134300.47,206381.67
6,17,30,139216.51,206381.67
6,17,45,144561.16,206381.67
6,18,0,149635.26,206381.67
6,18,15,155465.25,206381.67
6,18,30,160630.87,206381.67
6,18,45,166026.1,206381.67
6,19,0,171032.02,206381.67
6,19,15,173186.56,206381.67
6,19,30,175099.87,206381.67
6,19,45,177024.48,206381.67
6,20,0,179090.92,206381.67
6,20,15,181262.18,206381.67
6,20,30,183481.74,206381.67
6,20,45,185809.14,206381.67
6,21,0,187980.29,206381.67
6,21,15,189978.17,206381.67
6,21,30,192188.24,206381.67
6,21,45,194354.44,206381.67
6,22,0,196522.57,206381.67
6,22,15,198483.74,206381.67
6,22,30,200385.86,206381.67
6,22,45,202507.52,206381.67
6,23,0,204433.86,206381.67
6,23,15,204953.33,206381.67
6,23,30,205413.71,206381.67
6,23,45,205933.59,206381.67
0,0,0,51.86,300343.74
0,0,15,775.78,300343.74
0,0,30,1409.46,300343.74
0,0,45,2101.01,300343.74
0,1,0,2819.43,300343.74
0,1,15,3472.78,300343.74
0,1,30,4261.44,300343.74
0,1,45,5070.53,300343.74
0,2,0,5777.85,300343.74
0,2,15,6520.19,300343.74
0,2,30,7236.7,300343.74
0,2,45,7887.46,300343.74
0,3,0,8621.48,300343.74
0,3,15,9236.87,300343.74
0,3,30,10078.45,300343.74
0,3,45,10912.15,300343.74
0,4,0,11783.91,300343.74
0,4,15,12418.21,300343.74
0,4,30,13145.68,300343.74
0,4,45,13745.79,300343.74
0,5,0,14593.68,300343.74
0,5,15,15467.4,300343.74
0,5,30,16112.48,300343.74
0,5,45,16861.85,300343.74
0,6,0,17648.14,300343.74
0,6,15,20980.78,300343.74
0,6,30,23961.92,300343.74
0,6,45,27412.87,300343.74
0,7,0,30894.71,300343.74
0,7,15,34035.45,300343.74
0,7,30,37162.54,300343.74
0,7,45,40033.74,300343.74
0,8,0,43525.64,300343.74
0,8,15,51427.78,300343.74
0,8,30,59175.75,300343.74
0,8,45,66913.68,300343.74
0,9,0,74472.51,300343.74
0,9,15,81620.6,300343.74
0,9,30,88613.43,300343.74
0,9,45,96055.06,300343.74
0,10,0,103503.46,300343.74
0,10,15,106233.32,300343.74
0,10,30,109216.91,300343.74
0,10,45,112289.25,300343.74
0,11,0,115189.4,300343.74
0,11,15,118257.38,300343.74
0,11,30,121709.47,300343.74
0,11,45,124746.74,300343.74
0,12,0,127860.46,300343.74
0,12,15,130907.36,300343.74
0,12,30,133930.27,300343.74
0,12,45,137390.48,300343.74
0,13,0,140545.67,300343.74
0,13,15,143614.3,300343.74
0,13,30,146864.69,300343.74
0,13,45,150155.13,300343.74
0,14,0,153302.42,300343.74
0,14,15,156254.3,300343.74
0,14,30,159648.93,300343.74
0,14,45,162624.88,300343.74
0,15,0,165579.2,300343.74
0,15,15,168056.28,300343.74
0,15,30,171072.99,300343.74
0,15,45,174050.58,300343.74
0,16,0,176897.32,300343.74
0,16,15,179612.05,300343.74
0,16,30,182865.64,300343.74
0,16,45,186129.42,300343.74
0,17,0,190027.21,300343.74
0,17,15,197569.83,300343.74
0,17,30,205253.32,300343.74
0,17,45,212271.53,300343.74
0,18,0,219640.51,300343.74
0,18,15,226955.16,300343.74
0,18,30,234373.66,300343.74
0,18,45,242275.99,300343.74
0,19,0,249460.89,300343.74
0,19,15,252375.5,300343.74
0,19,30,255349.54,300343.74
0,19,45,258487.43,300343.74
0,20,0,261519.61,300343.74
0,20,15,264829.98,300343.74
0,20,30,268001.63,300343.74
0,20,45,271036.46,300343.74
0,21,0,274279.82,300343.74
0,21,15,277102.4,300343.74
0,21,30,279942.09,300343.74
0,21,45,282674.33,300343.74
0,22,0,285811.14,300343.74
0,22,15,288932.64,300343.74
0,22,30,291729.88,300343.74
0,22,45,294416.32,300343.74
0,23,0,297492.27,300343.74
0,23,15,298332.04,300343.74
0,23,30,298885.04,300343.74
0,23,45,299630.81,300343.74
1,0,0,18.3,298356.98
1,0,15,810.88,298356.98
1,0,30,1582.8,298356.98
1,0,45,2162.37,298356.98
1,1,0,2924.06,298356.98
1,1,15,3565.09,298356.98
1,1,30,4303.37,298356.98
1,1,45,4960.75,298356.98
1,2,0,5666.09,298356.98
1,2,15,6557.31,298356.98
1,2,30,7320.88,298356.98
1,2,45,8162.07,298356.98
1,3,0,8852.28,298356.98
1,3,15,9704.13,298356.98
1,3,30,10318.41,298356.98
1,3,45,11000.64,298356.98
1,4,0,11875.96,298356.98
1,4,15,12628.63,298356.98
1,4,30,13516.66,298356.98
1,4,45,14289.7,298356.98
1,5,0,15049.0,298356.98
1,5,15,15760.74,298356.98
1,5,30,16611.29,298356.98
1,5,45,17467.95,298356.98
1,6,0,18349.45,298356.98
1,6,15,21557.28,298356.98
1,6,30,24374.24,298356.98
1,6,45,27293.83,298356.98
1,7,0,30281.34,298356.98
1,7,15,33331.98,298356.98
1,7,30,36163.61,298356.98
1,7,45,39127.9,298356.98
1,8,0,42579.49,298356.98
1,8,15,50422.46,298356.98
1,8,30,57602.05,298356.98
1,8,45,64692.36,298356.98
1,9,0,72386.52,298356.98
1,9,15,79396.19,298356.98
1,9,30,87044.35,298356.98
1,9,45,94498.23,298356.98
1,10,0,101822.92,298356.98
1,10,15,104686.6,298356.98
1,10,30,107902.5,298356.98
1,10,45,110932.57,298356.98
1,11,0,113809.86,298356.98
1,11,15,116873.21,298356.98
1,11,30,119798.85,298356.98
1,11,45,122698.31,298356.98
1,12,0,125473.1,298356.98
1,12,15,128421.56,298356.98
1,12,30,131228.05,298356.98
1,12,45,134177.93,298356.98
1,13,0,137349.59,298356.98
1,13,15,140539.89,298356.98
1,13,30,144086.14,298356.98
1,13,45,146857.17,298356.98
1,14,0,149838.49,298356.98
1,14,15,153052.37,298356.98
1,14,30,156099.8,298356.98
1,14,45,158923.55,298356.98
1,15,0,161784.36,298356.98
1,15,15,165119.89,298356.98
1,15,30,168188.17,298356.98
1,15,45,171310.23,298356.98
1,16,0,174404.4,298356.98
1,16,15,177351.3,298356.98
1,16,30,180230.72,298356.98
1,16,45,183230.51,298356.98
1,17,0,186444.24,298356.98
1,17,15,193635.11,298356.98
1,17,30,200613.05,298356.98
1,17,45,208013.82,298356.98
1,18,0,216001.13,298356.98
1,18,15,223109.33,298356.98
1,18,30,230838.13,298356.98
1,18,45,238449.94,298356.98
1,19,0,246547.97,298356.98
1,19,15,249886.7,298356.98
1,19,30,252922.36,298356.98
1,19,45,255851.0,298356.98
1,20,0,258821.14,298356.98
1,20,15,261651.38,298356.98
1,20,30,264701.33,298356.98
1,20,45,267734.31,298356.98
1,21,0,271046.05,298356.98
1,21,15,273992.57,298356.98
1,21,30,277082.42,298356.98
1,21,45,279871.6,298356.98
1,22,0,282822.02,298356.98
1,22,15,286073.68,298356.98
1,22,30,289228.29,298356.98
1,22,45,292344.1,298356.98
1,23,0,295381.38,298356.98
1,23,15,296206.83,298356.98
1,23,30,296945.56,298356.98
1,23,45,297705.7,298356.98
2,0,0,30.62,296510.53
2,0,15,662.45,296510.53
2,0,30,1550.28,296510.53
2,0,45,2270.55,296510.53
2,1,0,2985.99,296510.53
2,1,15,3764.9,296510.53
2,1,30,4557.75,296510.53
2,1,45,5335.84,296510.53
2,2,0,5997.36,296510.53
2,2,15,6725.59,296510.53
2,2,30,7543.62,296510.53
2,2,45,8336.48,296510.53
2,3,0,9193.67,296510.53
2,3,15,9997.44,296510.53
2,3,30,10744.3,296510.53
2,3,45,11550.13,296510.53
2,4,0,12155.55,296510.53
2,4,15,12900.35,296510.53
2,4,30,13692.64,296510.53
2,4,45,14386.1,296510.53
2,5,0,15224.11,296510.53
2,5,15,16047.64,296510.53
2,5,30,16890.22,296510.53
2,5,45,17683.82,296510.53
2,6,0,18510.3,296510.53
2,6,15,21239.51,296510.53
2,6,30,24281.41,296510.53
2,6,45,27327.83,296510.53
2,7,0,30158.32,296510.53
2,7,15,33131.61,296510.53
2,7,30,36094.93,296510.53
2,7,45,39021.07,296510.53
2,8,0,42233.05,296510.53
2,8,15,49374.5,296510.53
2,8,30,56827.73,296510.53
2,8,45,64127.24,296510.53
2,9,0,72064.89,296510.53
2,9,15,79725.37,296510.53
2,9,30,87970.09,296510.53
2,9,45,95540.54,296510.53
2,10,0,101838.42,296510.53
2,10,15,104961.01,296510.53
2,10,30,108449.96,296510.53
2,10,45,111774.42,296510.53
2,11,0,114687.08,296510.53
2,11,15,117855.88,296510.53
2,11,30,120756.26,296510.53
2,11,45,123515.69,296510.53
2,12,0,126568.41,296510.53
2,12,15,129518.8,296510.53
2,12,30,132722.45,296510.53
2,12,45,135357.96,296510.53
2,13,0,138254.62,296510.53
2,13,15,141007.41,296510.53
2,13,30,143960.46,296510.53
2,13,45,147106.83,296510.53
2,14,0,150085.46,296510.53
2,14,15,152979.34,296510.53
2,14,30,155790.95,296510.53
2,14,45,158807.09,296510.53
2,15,0,161585.09,296510.53
2,15,15,164535.24,296510.53
2,15,30,167421.17,296510.53
2,15,45,170376.09,296510.53
2,16,0,173049.31,296510.53
2,16,15,176005.08,296510.53
2,16,30,178559.34,296510.53
2,16,45,181681.39,296510.53
2,17,0,184820.98,296510.53
2,17,15,193140.01,296510.53
2,17,30,201017.61,296510.53
2,17,45,209278.42,296510.53
2,18,0,216482.51,296510.53
2,18,15,223495.78,296510.53
2,18,30,230289.68,296510.53
2,18,45,237472.66,296510.53
2,19,0,244762.23,296510.53
2,19,15,248007.36,296510.53
2,19,30,250792.67,296510.53
2,19,45,254029.58,296510.53
2,20,0,257094.55,296510.53
2,20,15,260117.88,296510.53
2,20,30,263082.47,296510.53
2,20,45,265843.89,296510.53
2,21,0,269273.22,296510.53
2,21,15,272475.68,296510.53
2,21,30,275511.69,296510.53
2,21,45,278531.34,296510.53
2,22,0,281459.5,296510.53
2,22,15,284667.46,296510.53
2,22,30,287736.3,296510.53
2,22,45,290907.93,296510.53
2,23,0,293512.42,296510.53
2,23,15,294220.67,296510.53
2,23,30,295016.79,296510.53
2,23,45,295749.89,296510.53
3,0,0,53.15,296950.28
3,0,15,701.01,296950.28
3,0,30,1510.54,296950.28
3,0,45,2288.78,296950.28
3,1,0,2953.99,296950.28
3,1,15,3752.26,296950.28
3,1,30,4512.41,296950.28
3,1,45,5278.98,296950.28
3,2,0,5954.33,296950.28
3,2,15,6656.91,296950.28
3,2,30,7466.67,296950.28
3,2,45,8148.46,296950.28
3,3,0,8980.52,296950.28
3,3,15,9700.52,296950.28
3,3,30,10411.12,296950.28
3,3,45,11105.96,296950.28
3,4,0,11804.03,296950.28
3,4,15,12419.45,296950.28
3,4,30,13188.14,296950.28
3,4,45,13981.93,296950.28
3,5,0,14625.25,296950.28
3,5,15,15504.76,296950.28
3,5,30,16247.68,296950.28
3,5,45,16981.24,296950.28
3,6,0,17916.34,296950.28
3,6,15,20649.18,296950.28
3,6,30,23602.03,296950.28
3,6,45,26375.41,296950.28
3,7,0,29411.9,296950.28
3,7,15,32683.44,296950.28
3,7,30,35725.39,296950.28
3,7,45,38951.09,296950.28
3,8,0,42205.59,296950.28
3,8,15,49610.41,296950.28
3,8,30,56367.91,296950.28
3,8,45,63637.55,296950.28
3,9,0,70413.95,296950.28
3,9,15,77703.68,296950.28
3,9,30,85133.51,296950.28
3,9,45,92637.41,296950.28
3,10,0,100095.34,296950.28
3,10,15,103302.94,296950.28
3,10,30,106414.31,296950.28
3,10,45,109200.46,296950.28
3,11,0,111981.53,296950.28
3,11,15,115046.47,296950.28
3,11,30,118137.3,296950.28
3,11,45,120917.18,296950.28
3,12,0,123860.82,296950.28
3,12,15,127006.95,296950.28
3,12,30,129920.63,296950.28
3,12,45,132997.98,296950.28
3,13,0,135813.4,296950.28
3,13,15,138738.32,296950.28
3,13,30,141940.45,296950.28
3,13,45,144841.86,296950.28
3,14,0,147692.35,296950.28
3,14,15,150597.02,296950.28
3,14,30,153621.97,296950.28
3,14,45,156644.7,296950.28
3,15,0,159731.62,296950.28
3,15,15,162774.23,296950.28
3,15,30,165822.24,296950.28
3,15,45,169060.95,296950.28
3,16,0,172044.89,296950.28
3,16,15,175093.89,296950.28
3,16,30,178120.21,296950.28
3,16,45,181346.98,296950.28
3,17,0,184740.87,296950.28
3,17,15,192714.56,296950.28
3,17,30,200953.7,296950.28
3,17,45,208046.66,296950.28
3,18,0,215177.82,296950.28
3,18,15,222910.45,296950.28
3,18,30,230473.3,296950.28
3,18,45,238162.9,296950.28
3,19,0,245369.73,296950.28
3,19,15,248449.75,296950.28
3,19,30,251381.95,296950.28
3,19,45,254681.01,296950.28
3,20,0,257826.16,296950.28
3,20,15,260955.69,296950.28
3,20,30,263956.95,296950.28
3,20,45,266945.09,296950.28
3,21,0,269919.5,296950.28
3,21,15,273094.65,296950.28
3,21,30,276057.09,296950.28
3,21,45,279100.58,296950.28
3,22,0,282053.93,296950.28
3,22,15,284792.64,296950.28
3,22,30,287689.69,296950.28
3,22,45,290838.32,296950.28
3,23,0,293679.91,296950.28
3,23,15,294472.73,296950.28
3,23,30,295288.6,296950.28
3,23,45,296124.2,296950.28
4,0,0,49.82,293072.17
4,0,15,766.38,293072.17
4,0,30,1479.74,293072.17
4,0,45,2335.32,293072.17
4,1,0,3072.28,293072.17
4,1,15,3899.02,293072.17
4,1,30,4714.7,293072.17
4,1,45,5588.41,293072.17
4,2,0,6285.3,293072.17
4,2,15,7214.89,293072.17
4,2,30,7888.15,293072.17
4,2,45,8598.36,293072.17
4,3,0,9450.06,293072.17
4,3,15,10125.48,293072.17
4,3,30,10865.1,293072.17
4,3,45,11683.05,293072.17
4,4,0,12297.7,293072.17
4,4,15,13026.13,293072.17
4,4,30,13858.57,293072.17
4,4,45,14663.36,293072.17
4,5,0,15397.11,293072.17
4,5,15,16106.3,293072.17
4,5,30,16758.2,293072.17
4,5,45,17410.61,293072.17
4,6,0,18251.35,293072.17
4,6,15,20653.15,293072.17
4,6,30,23846.71,293072.17
4,6,45,26785.59,293072.17
4,7,0,29907.06,293072.17
4,7,15,32798.26,293072.17
4,7,30,35693.93,293072.17
4,7,45,38570.82,293072.17
4,8,0,41697.82,293072.17
4,8,15,48495.37,293072.17
4,8,30,55784.73,293072.17
4,8,45,63517.43,293072.17
4,9,0,71031.87,293072.17
4,9,15,78070.32,293072.17
4,9,30,85477.3,293072.17
4,9,45,93207.78,293072.17
4,10,0,100401.04,293072.17
4,10,15,103362.58,293072.17
4,10,30,106350.75,293072.17
4,10,45,109306.32,293072.17
4,11,0,112545.31,293072.17
4,11,15,115634.18,293072.17
4,11,30,118480.19,293072.17
4,11,45,121444.26,293072.17
4,12,0,124563.73,293072.17
4,12,15,127432.44,293072.17
4,12,30,130192.47,293072.17
4,12,45,133214.47,293072.17
4,13,0,136111.24,293072.17
4,13,15,139263.17,293072.17
4,13,30,142162.22,293072.17
4,13,45,144951.62,293072.17
4,14,0,147895.66,293072.17
4,14,15,150723.73,293072.17
4,14,30,153467.62,293072.17
4,14,45,156667.15,293072.17
4,15,0,159860.33,293072.17
4,15,15,162992.74,293072.17
4,15,30,166087.17,293072.17
4,15,45,169128.75,293072.17
4,16,0,172447.82,293072.17
4,16,15,175320.46,293072.17
4,16,30,178207.99,293072.17
4,16,45,181117.72,293072.17
4,17,0,184728.43,293072.17
4,17,15,191739.98,293072.17
4,17,30,199044.8,293072.17
4,17,45,206348.73,293072.17
4,18,0,213978.55,293072.17
4,18,15,221098.25,293072.17
4,18,30,228377.4,293072.17
4,18,45,235559.6,293072.17
4,19,0,242781.4,293072.17
4,19,15,245567.48,293072.17
4,19,30,248796.06,293072.17
4,19,45,251769.5,293072.17
4,20,0,254533.85,293072.17
4,20,15,257981.04,293072.17
4,20,30,261296.4,293072.17
4,20,45,264056.03,293072.17
4,21,0,267117.42,293072.17
4,21,15,270130.32,293072.17
4,21,30,273198.4,293072.17
4,21,45,276134.42,293072.17
4,22,0,278934.56,293072.17
4,22,15,281885.7,293072.17
4,22,30,284634.19,293072.17
4,22,45,287311.74,293072.17
4,23,0,290250.49,293072.17
4,23,15,290986.85,293072.17
4,23,30,291729.39,293072.17
4,23,45,292325.92,293072.17
5,0,0,53.35,207017.8
5,0,15,617.51,207017.8
5,0,30,1242.67,207017.8
5,0,45,1793.75,207017.8
5,1,0,2299.66,207017.8
5,1,15,2780.09,207017.8
5,1,30,3354.2,207017.8
5,1,45,3882.18,207017.8
5,2,0,4439.23,207017.8
5,2,15,5033.28,207017.8
5,2,30,5578.81,207017.8
5,2,45,6000.57,207017.8
5,3,0,6501.74,207017.8
5,3,15,6974.75,207017.8
5,3,30,7613.39,207017.8
5,3,45,8129.46,207017.8
5,4,0,8677.0,207017.8
5,4,15,9151.58,207017.8
5,4,30,9690.58,207017.8
5,4,45,10254.42,207017.8
5,5,0,10790.27,207017.8
5,5,15,11301.82,207017.8
5,5,30,11776.34,207017.8
5,5,45,12403.11,207017.8
5,6,0,13052.35,207017.8
5,6,15,15107.98,207017.8
5,6,30,17304.81,207017.8
5,6,45,19226.65,207017.8
5,7,0,21133.18,207017.8
5,7,15,23121.16,207017.8
5,7,30,24887.95,207017.8
5,7,45,27082.98,207017.8
5,8,0,29746.22,207017.8
5,8,15,34658.09,207017.8
5,8,30,39943.21,207017.8
5,8,45,45076.34,207017.8
5,9,0,50529.71,207017.8
5,9,15,55675.82,207017.8
5,9,30,61396.59,207017.8
5,9,45,66875.48,207017.8
5,10,0,71869.52,207017.8
5,10,15,73897.18,207017.8
5,10,30,76038.9,207017.8
5,10,45,77926.0,207017.8
5,11,0,80011.97,207017.8
5,11,15,82033.41,207017.8
5,11,30,84256.82,207017.8
5,11,45,86659.23,207017.8
5,12,0,88768.49,207017.8
5,12,15,90862.07,207017.8
5,12,30,92904.49,207017.8
5,12,45,94807.0,207017.8
5,13,0,96879.68,207017.8
5,13,15,98700.47,207017.8
5,13,30,100933.92,207017.8
5,13,45,103058.31,207017.8
5,14,0,105149.64,207017.8
5,14,15,107308.98,207017.8
5,14,30,109408.6,207017.8
5,14,45,111251.27,207017.8
5,15,0,113125.29,207017.8
5,15,15,115275.41,207017.8
5,15,30,117004.17,207017.8
5,15,45,119105.72,207017.8
5,16,0,121098.14,207017.8
5,16,15,123304.23,207017.8
5,16,30,125486.38,207017.8
5,16,45,127346.75,207017.8
5,17,0,129235.02,207017.8
5,17,15,133940.19,207017.8
5,17,30,139508.04,207017.8
5,17,45,144915.87,207017.8
5,18,0,150490.04,207017.8
5,18,15,155707.61,207017.8
5,18,30,160259.1,207017.8
5,18,45,165807.43,207017.8
5,19,0,171070.28,207017.8
5,19,15,173220.78,207017.8
5,19,30,175180.63,207017.8
5,19,45,177255.72,207017.8
5,20,0,179456.8,207017.8
5,20,15,181600.87,207017.8
5,20,30,183570.81,207017.8
5,20,45,185703.54,207017.8
5,21,0,187960.11,207017.8
5,21,15,190218.95,207017.8
5,21,30,192321.32,207017.8
5,21,45,194232.33,207017.8
5,22,0,196355.69,207017.8
5,22,15,198466.14,207017.8
5,22,30,200872.22,207017.8
5,22,45,203136.56,207017.8
5,23,0,205081.45,207017.8
5,23,15,205545.13,207017.8
5,23,30,205999.05,207017.8
5,23,45,206486.68,207017.8
6,0,0,47.16,210049.73
6,0,15,622.2,210049.73
6,0,30,1162.83,210049.73
6,0,45,1672.9,210049.73
6,1,0,2208.49,210049.73
6,1,15,2787.27,210049.73
6,1,30,3367.48,210049.73
6,1,45,3890.34,210049.73
6,2,0,4397.16,210049.73
6,2,15,4914.71,210049.73
6,2,30,5410.34,210049.73
6,2,45,5934.88,210049.73
6,3,0,6465.31,210049.73
6,3,15,7025.24,210049.73
6,3,30,7458.02,210049.73
6,3,45,8075.43,210049.73
6,4,0,8692.08,210049.73
6,4,15,9276.3,210049.73
6,4,30,9831.41,210049.73
6,4,45,10257.17,210049.73
6,5,0,10842.66,210049.73
6,5,15,11314.13,210049.73
6,5,30,11953.2,210049.73
6,5,45,12492.27,210049.73
6,6,0,13132.59,210049.73
6,6,15,15356.94,210049.73
6,6,30,17675.3,210049.73
6,6,45,19911.32,210049.73
6,7,0,21857.68,210049.73
6,7,15,23929.36,210049.73
6,7,30,25828.01,210049.73
6,7,45,27791.8,210049.73
6,8,0,30413.82,210049.73
6,8,15,35769.44,210049.73
6,8,30,41650.4,210049.73
6,8,45,46620.23,210049.73
6,9,0,51725.32,210049.73
6,9,15,56799.46,210049.73
6,9,30,62084.9,210049.73
6,9,45,67432.92,210049.73
6,10,0,72679.39,210049.73
6,10,15,74813.27,210049.73
6,10,30,76943.1,210049.73
6,10,45,79091.06,210049.73
6,11,0,81249.54,210049.73
6,11,15,83569.11,210049.73
6,11,30,85780.86,210049.73
6,11,45,88184.48,210049.73
6,12,0,90343.43,210049.73
6,12,15,92332.62,210049.73
6,12,30,94460.27,210049.73
6,12,45,96616.5,210049.73
6,13,0,98605.89,210049.73
6,13,15,100816.32,210049.73
6,13,30,102899.3,210049.73
6,13,45,104975.89,210049.73
6,14,0,106932.12,210049.73
6,14,15,109003.56,210049.73
6,14,30,111097.12,210049.73
6,14,45,113164.7,210049.73
6,15,0,115038.65,210049.73
6,15,15,117233.96,210049.73
6,15,30,119444.0,210049.73
6,15,45,121656.31,210049.73
6,16,0,123780.03,210049.73
6,16,15,125580.5,210049.73
6,16,30,127624.16,210049.73
6,16,45,129242.93,210049.73
6,17,0,131426.64,210049.73
6,17,15,136414.26,210049.73
6,17,30,141649.07,210049.73
6,17,45,147022.03,210049.73
6,18,0,152269.17,210049.73
6,18,15,157456.69,210049.73
6,18,30,162845.44,210049.73
6,18,45,168633.68,210049.73
6,19,0,173985.9,210049.73
6,19,15,176087.25,210049.73
6,19,30,178332.32,210049.73
6,19,45,180502.85,210049.73
6,20,0,182761.47,210049.73
6,20,15,184673.89,210049.73
6,20,30,186856.43,210049.73
6,20,45,189037.55,210049.73
6,21,0,191224.68,210049.73
6,21,15,193333.26,210049.73
6,21,30,195519.61,210049.73
6,21,45,197562.67,210049.73
6,22,0,199530.14,210049.73
6,22,15,201769.06,210049.73
6,22,30,203939.89,210049.73
6,22,45,205884.0,210049.73
6,23,0,207967.64,210049.73
6,23,15,208515.2,210049.73
6,23,30,209084.94,210049.73
6,23,45,209649.15,210049.73
0,0,0,20.22,297839.3
0,0,15,753.83,297839.3
0,0,30,1466.41,297839.3
0,0,45,2231.89,297839.3
0,1,0,2856.25,297839.3
0,1,15,3556.16,297839.3
0,1,30,4287.82,297839.3
0,1,45,5000.71,297839.3
0,2,0,5920.52,297839.3
0,2,15,6508.84,297839.3
0,2,30,7230.95,297839.3
0,2,45,8061.95,297839.3
0,3,0,8787.98,297839.3
0,3,15,9533.12,297839.3
0,3,30,10365.76,297839.3
0,3,45,11025.06,297839.3
0,4,0,11784.5,297839.3
0,4,15,12466.68,297839.3
0,4,30,13314.84,297839.3
0,4,45,14061.5,297839.3
0,5,0,14776.78,297839.3
0,5,15,15567.26,297839.3
0,5,30,16228.34,297839.3
0,5,45,16888.63,297839.3
0,6,0,17928.49,297839.3
0,6,15,21100.72,297839.3
0,6,30,24020.53,297839.3
0,6,45,26960.78,297839.3
0,7,0,29903.03,297839.3
0,7,15,32765.61,297839.3
0,7,30,35905.36,297839.3
0,7,45,39249.18,297839.3
0,8,0,42534.78,297839.3
0,8,15,49684.21,297839.3
0,8,30,57569.12,297839.3
0,8,45,64973.95,297839.3
0,9,0,72825.6,297839.3
0,9,15,79937.52,297839.3
0,9,30,86909.72,297839.3
0,9,45,94490.73,297839.3
0,10,0,101690.76,297839.3
0,10,15,104539.32,297839.3
0,10,30,107328.63,297839.3
0,10,45,110414.4,297839.3
0,11,0,113526.89,297839.3
0,11,15,116328.04,297839.3
0,11,30,119501.01,297839.3
0,11,45,122520.51,297839.3
0,12,0,125603.83,297839.3
0,12,15,128814.76,297839.3
0,12,30,132193.04,297839.3
0,12,45,135183.42,297839.3
0,13,0,138484.13,297839.3
0,13,15,141623.36,297839.3
0,13,30,144511.31,297839.3
0,13,45,147394.68,297839.3
0,14,0,150387.24,297839.3
0,14,15,153551.0,297839.3
0,14,30,156647.31,297839.3
0,14,45,159655.61,297839.3
0,15,0,162671.85,297839.3
0,15,15,165517.02,297839.3
0,15,30,168390.74,297839.3
0,15,45,171411.28,297839.3
0,16,0,174115.21,297839.3
0,16,15,177400.04,297839.3
0,16,30,180130.3,297839.3
0,16,45,183061.91,297839.3
0,17,0,186423.04,297839.3
0,17,15,195009.65,297839.3
0,17,30,202965.06,297839.3
0,17,45,210711.42,297839.3
0,18,0,218102.32,297839.3
0,18,15,224347.72,297839.3
0,18,30,232460.78,297839.3
0,18,45,239804.87,297839.3
0,19,0,246764.74,297839.3
0,19,15,250093.49,297839.3
0,19,30,252814.02,297839.3
0,19,45,255806.96,297839.3
0,20,0,258751.74,297839.3
0,20,15,261626.1,297839.3
0,20,30,264725.65,297839.3
0,20,45,267844.57,297839.3
0,21,0,270988.01,297839.3
0,21,15,274158.71,297839.3
0,21,30,277080.8,297839.3
0,21,45,280220.14,297839.3
0,22,0,283477.54,297839.3
0,22,15,286578.5,297839.3
0,22,30,289539.14,297839.3
0,22,45,292280.27,297839.3
0,23,0,294946.74,297839.3
0,23,15,295751.85,297839.3
0,23,30,296429.42,297839.3
0,23,45,297172.63,297839.3
1,0,0,37.16,298867.67
1,0,15,881.54,298867.67
1,0,30,1538.41,298867.67
1,0,45,2223.38,298867.67
1,1,0,2909.13,298867.67
1,1,15,3688.56,298867.67
1,1,30,4519.03,298867.67
1,1,45,5291.41,298867.67
1,2,0,6164.38,298867.67
1,2,15,6892.51,298867.67
1,2,30,7581.14,298867.67
1,2,45,8317.68,298867.67
1,3,0,9040.74,298867.67
1,3,15,9641.79,298867.67
1,3,30,10287.08,298867.67
1,3,45,10806.68,298867.67
1,4,0,11678.52,298867.67
1,4,15,12389.02,298867.67
1,4,30,13024.72,298867.67
1,4,45,13817.28,298867.67
1,5,0,14701.81,298867.67
1,5,15,15515.44,298867.67
1,5,30,16109.77,298867.67
1,5,45,16842.8,298867.67
1,6,0,17853.13,298867.67
1,6,15,21031.04,298867.67
1,6,30,24278.37,298867.67
1,6,45,27266.33,298867.67
1,7,0,30744.46,298867.67
1,7,15,33704.58,298867.67
1,7,30,36601.55,298867.67
1,7,45,39820.31,298867.67
1,8,0,43036.54,298867.67
1,8,15,50516.77,298867.67
1,8,30,58545.94,298867.67
1,8,45,66342.96,298867.67
1,9,0,73461.55,298867.67
1,9,15,81364.81,298867.67
1,9,30,88949.53,298867.67
1,9,45,96531.06,298867.67
1,10,0,104346.51,298867.67
1,10,15,107280.15,298867.67
1,10,30,110327.23,298867.67
1,10,45,113213.28,298867.67
1,11,0,116209.37,298867.67
1,11,15,119332.31,298867.67
1,11,30,122375.36,298867.67
1,11,45,125854.09,298867.67
1,12,0,129068.52,298867.67
1,12,15,131739.12,298867.67
1,12,30,135011.88,298867.67
1,12,45,137998.96,298867.67
1,13,0,140866.52,298867.67
1,13,15,143796.21,298867.67
1,13,30,146953.33,298867.67
1,13,45,150169.35,298867.67
1,14,0,153178.35,298867.67
1,14,15,155916.81,298867.67
1,14,30,158980.38,298867.67
1,14,45,162064.66,298867.67
1,15,0,164938.82,298867.67
1,15,15,167963.47,298867.67
1,15,30,171349.6,298867.67
1,15,45,174466.57,298867.67
1,16,0,177164.53,298867.67
1,16,15,180235.83,298867.67
1,16,30,182920.34,298867.67
1,16,45,185858.49,298867.67
1,17,0,188864.75,298867.67
1,17,15,196884.27,298867.67
1,17,30,204162.74,298867.67
1,17,45,212062.77,298867.67
1,18,0,219045.44,298867.67
1,18,15,226782.36,298867.67
1,18,30,234226.59,298867.67
1,18,45,241899.71,298867.67
1,19,0,248939.25,298867.67
1,19,15,251924.89,298867.67
1,19,30,254767.4,298867.67
1,19,45,257973.78,298867.67
1,20,0,260466.3,298867.67
1,20,15,263245.98,298867.67
1,20,30,265960.68,298867.67
1,20,45,268741.92,298867.67
1,21,0,272226.07,298867.67
1,21,15,275073.03,298867.67
1,21,30,278254.27,298867.67
1,21,45,281025.02,298867.67
1,22,0,283925.04,298867.67
1,22,15,286978.65,298867.67
1,22,30,289863.04,298867.67
1,22,45,293183.06,298867.67
1,23,0,295708.53,298867.67
1,23,15,296586.13,298867.67
1,23,30,297295.1,298867.67
1,23,45,298104.25,298867.67
2,0,0,60.16,294121.14
2,0,15,700.91,294121.14
2,0,30,1431.11,294121.14
2,0,45,2198.91,294121.14
2,1,0,2915.68,294121.14
2,1,15,3609.67,294121.14
2,1,30,4356.81,294121.14
2,1,45,5167.01,294121.14
2,2,0,6023.38,294121.14
2,2,15,6758.97,294121.14
2,2,30,7568.79,294121.14
2,2,45,8356.28,294121.14
2,3,0,9144.38,294121.14
2,3,15,9826.48,294121.14
2,3,30,10578.16,294121.14
2,3,45,11301.32,294121.14
2,4,0,12004.03,294121.14
2,4,15,12652.75,294121.14
2,4,30,13408.69,294121.14
2,4,45,13973.39,294121.14
2,5,0,14820.97,294121.14
2,5,15,15633.18,294121.14
2,5,30,16403.49,294121.14
2,5,45,17099.04,294121.14
2,6,0,18078.95,294121.14
2,6,15,21123.29,294121.14
2,6,30,23991.38,294121.14
2,6,45,26861.16,294121.14
2,7,0,29904.29,294121.14
2,7,15,32966.01,294121.14
2,7,30,36131.39,294121.14
2,7,45,39173.76,294121.14
2,8,0,42138.07,294121.14
2,8,15,50410.86,294121.14
2,8,30,58036.2,294121.14
2,8,45,65267.24,294121.14
2,9,0,72520.97,294121.14
2,9,15,80519.67,294121.14
2,9,30,88053.03,294121.14
2,9,45,94866.61,294121.14
2,10,0,102717.68,294121.14
2,10,15,105535.01,294121.14
2,10,30,108390.88,294121.14
2,10,45,111473.06,294121.14
2,11,0,114628.55,294121.14
2,11,15,117292.34,294121.14
2,11,30,120250.3,294121.14
2,11,45,123246.46,294121.14
2,12,0,125903.73,294121.14
2,12,15,129089.06,294121.14
2,12,30,132679.21,294121.14
2,12,45,135479.43,294121.14
2,13,0,138382.81,294121.14
2,13,15,141330.22,294121.14
2,13,30,144795.7,294121.14
2,13,45,147528.46,294121.14
2,14,0,150491.34,294121.14
2,14,15,153470.23,294121.14
2,14,30,156656.59,294121.14
2,14,45,159626.76,294121.14
2,15,0,162307.92,294121.14
2,15,15,165470.03,294121.14
2,15,30,168567.08,294121.14
2,15,45,171593.63,294121.14
2,16,0,174676.38,294121.14
2,16,15,177380.34,294121.14
2,16,30,180372.96,294121.14
2,16,45,183127.08,294121.14
2,17,0,186345.5,294121.14
2,17,15,192984.62,294121.14
2,17,30,200276.57,294121.14
2,17,45,207389.84,294121.14
2,18,0,214752.56,294121.14
2,18,15,222423.47,294121.14
2,18,30,230876.87,294121.14
2,18,45,238824.89,294121.14
2,19,0,245837.09,294121.14
2,19,15,248199.29,294121.14
2,19,30,251023.37,294121.14
2,19,45,253756.32,294121.14
2,20,0,256691.59,294121.14
2,20,15,259521.36,294121.14
2,20,30,262541.83,294121.14
2,20,45,265284.66,294121.14
2,21,0,268167.51,294121.14
2,21,15,271263.17,294121.14
2,21,30,274091.88,294121.14
2,21,45,277011.29,294121.14
2,22,0,279759.36,294121.14
2,22,15,282584.32,294121.14
2,22,30,285575.89,294121.14
2,22,45,288118.59,294121.14
2,23,0,291008.09,294121.14
2,23,15,291770.76,294121.14
2,23,30,292611.51,294121.14
2,23,45,293449.64,294121.14
3,0,0,56.08,296402.07
3,0,15,893.41,296402.07
3,0,30,1563.25,296402.07
3,0,45,2349.93,296402.07
3,1,0,3132.05,296402.07
3,1,15,3699.68,296402.07
3,1,30,4346.46,296402.07
3,1,45,5024.54,296402.07
3,2,0,5892.44,296402.07
3,2,15,6681.67,296402.07
3,2,30,7421.62,296402.07
3,2,45,8276.78,296402.07
3,3,0,8965.35,296402.07
3,3,15,9779.85,296402.07
3,3,30,10540.74,296402.07
3,3,45,11135.86,296402.07
3,4,0,11901.56,296402.07
3,4,15,12603.6,296402.07
3,4,30,13426.2,296402.07
3,4,45,14052.15,296402.07
3,5,0,14861.07,296402.07
3,5,15,15608.95,296402.07
3,5,30,16397.29,296402.07
3,5,45,17127.42,296402.07
3,6,0,18048.08,296402.07
3,6,15,21100.93,296402.07
3,6,30,23822.79,296402.07
3,6,45,26804.32,296402.07
3,7,0,29921.4,296402.07
3,7,15,33205.39,296402.07
3,7,30,35997.93,296402.07
3,7,45,39341.07,296402.07
3,8,0,42388.93,296402.07
3,8,15,49936.03,296402.07
3,8,30,57263.24,296402.07
3,8,45,65051.27,296402.07
3,9,0,72988.87,296402.07
3,9,15,80459.82,296402.07
3,9,30,87513.06,296402.07
3,9,45,95345.82,296402.07
3,10,0,102338.64,296402.07
3,10,15,105146.37,296402.07
3,10,30,108385.42,296402.07
3,10,45,110952.38,296402.07
3,11,0,114111.75,296402.07
3,11,15,117093.36,296402.07
3,11,30,120055.8,296402.07
3,11,45,123050.54,296402.07
3,12,0,126160.06,296402.07
3,12,15,129120.59,296402.07
3,12,30,132403.69,296402.07
3,12,45,135308.8,296402.07
3,13,0,137983.64,296402.07
3,13,15,140728.49,296402.07
3,13,30,143670.61,296402.07
3,13,45,146741.04,296402.07
3,14,0,149696.45,296402.07
3,14,15,152826.5,296402.07
3,14,30,156081.84,296402.07
3,14,45,158800.59,296402.07
3,15,0,161598.78,296402.07
3,15,15,164759.18,296402.07
3,15,30,167686.21,296402.07
3,15,45,170563.95,296402.07
3,16,0,173663.34,296402.07
3,16,15,176651.46,296402.07
3,16,30,179778.07,296402.07
3,16,45,182774.41,296402.07
3,17,0,185821.56,296402.07
3,17,15,193243.71,296402.07
3,17,30,200767.83,296402.07
3,17,45,208281.12,296402.07
3,18,0,216709.48,296402.07
3,18,15,223948.52,296402.07
3,18,30,231136.7,296402.07
3,18,45,238791.77,296402.07
3,19,0,246361.98,296402.07
3,19,15,249088.3,296402.07
3,19,30,251848.27,296402.07
3,19,45,255040.3,296402.07
3,20,0,258024.6,296402.07
3,20,15,260763.49,296402.07
3,20,30,263684.09,296402.07
3,20,45,266819.77,296402.07
3,21,0,269527.11,296402.07
3,21,15,272684.68,296402.07
3,21,30,275781.57,296402.07
3,21,45,278842.07,296402.07
3,22,0,281971.58,296402.07
3,22,15,284647.68,296402.07
3,22,30,287793.32,296402.07
3,22,45,290535.73,296402.07
3,23,0,293266.95,296402.07
3,23,15,294051.93,296402.07
3,23,30,294793.22,296402.07
3,23,45,295620.27,296402.07
4,0,0,44.73,294353.45
4,0,15,772.78,294353.45
4,0,30,1413.37,294353.45
4,0,45,2165.23,294353.45
4,1,0,2876.55,294353.45
4,1,15,3716.99,294353.45
4,1,30,4487.32,294353.45
4,1,45,5139.12,294353.45
4,2,0,5927.46,294353.45
4,2,15,6742.8,294353.45
4,2,30,7496.01,294353.45
4,2,45,8258.87,294353.45
4,3,0,9047.23,294353.45
4,3,15,9773.55,294353.45
4,3,30,10458.63,294353.45
4,3,45,11200.31,294353.45
4,4,0,11955.84,294353.45
4,4,15,12601.12,294353.45
4,4,30,13319.85,294353.45
4,4,45,14039.88,294353.45
4,5,0,14824.22,294353.45
4,5,15,15504.23,294353.45
4,5,30,16291.48,294353.45
4,5,45,17058.62,294353.45
4,6,0,18018.28,294353.45
4,6,15,20999.99,294353.45
4,6,30,24156.59,294353.45
4,6,45,27098.49,294353.45
4,7,0,29781.88,294353.45
4,7,15,32873.5,294353.45
4,7,30,36020.6,294353.45
4,7,45,39187.83,294353.45
4,8,0,42377.52,294353.45
4,8,15,50199.52,294353.45
4,8,30,57592.23,294353.45
4,8,45,64926.0,294353.45
4,9,0,71550.27,294353.45
4,9,15,79340.64,294353.45
4,9,30,86779.51,294353.45
4,9,45,93646.32,294353.45
4,10,0,100800.32,294353.45
4,10,15,103535.14,294353.45
4,10,30,106535.58,294353.45
4,10,45,109791.76,294353.45
4,11,0,112978.84,294353.45
4,11,15,115871.39,294353.45
4,11,30,118657.66,294353.45
4,11,45,121844.03,294353.45
4,12,0,124426.38,294353.45
4,12,15,127580.17,294353.45
4,12,30,130885.03,294353.45
4,12,45,134067.68,294353.45
4,13,0,137175.73,294353.45
4,13,15,140174.28,294353.45
4,13,30,142890.68,294353.45
4,13,45,145925.59,294353.45
4,14,0,149132.2,294353.45
4,14,15,152182.42,294353.45
4,14,30,155090.77,294353.45
4,14,45,158382.95,294353.45
4,15,0,161176.78,294353.45
4,15,15,164220.56,294353.45
4,15,30,166985.14,294353.45
4,15,45,169998.29,294353.45
4,16,0,172840.01,294353.45
4,16,15,175745.53,294353.45
4,16,30,178871.4,294353.45
4,16,45,181873.95,294353.45
4,17,0,184988.6,294353.45
4,17,15,191411.65,294353.45
4,17,30,199091.11,294353.45
4,17,45,206945.32,294353.45
4,18,0,214786.33,294353.45
4,18,15,222106.41,294353.45
4,18,30,229609.08,294353.45
4,18,45,237155.93,294353.45
4,19,0,243997.57,294353.45
4,19,15,247139.79,294353.45
4,19,30,250257.17,294353.45
4,19,45,252988.78,294353.45
4,20,0,256097.74,294353.45
4,20,15,258762.62,294353.45
4,20,30,261792.44,294353.45
4,20,45,264777.43,294353.45
4,21,0,267778.06,294353.45
4,21,15,270654.61,294353.45
4,21,30,273762.95,294353.45
4,21,45,276422.28,294353.45
4,22,0,279515.35,294353.45
4,22,15,282641.69,294353.45
4,22,30,285896.87,294353.45
4,22,45,288741.68,294353.45
4,23,0,291406.72,294353.45
4,23,15,292068.71,294353.45
4,23,30,292777.44,294353.45
4,23,45,293723.47,294353.45
5,0,0,36.91,210060.42
5,0,15,597.85,210060.42
5,0,30,1122.05,210060.42
5,0,45,1638.77,210060.42
5,1,0,2312.39,210060.42
5,1,15,2765.34,210060.42
5,1,30,3317.37,210060.42
5,1,45,3872.43,210060.42
5,2,0,4357.98,210060.42
5,2,15,4915.2,210060.42
5,2,30,5465.7,210060.42
5,2,45,6019.79,210060.42
5,3,0,6528.91,210060.42
5,3,15,7087.38,210060.42
5,3,30,7621.43,210060.42
5,3,45,8116.38,210060.42
5,4,0,8562.66,210060.42
5,4,15,9075.49,210060.42
5,4,30,9724.86,210060.42
5,4,45,10198.67,210060.42
5,5,0,10676.47,210060.42
5,5,15,11167.66,210060.42
5,5,30,11857.44,210060.42
5,5,45,12399.17,210060.42
5,6,0,13009.95,210060.42
5,6,15,15436.91,210060.42
5,6,30,17537.05,210060.42
5,6,45,19831.04,210060.42
5,7,0,21888.38,210060.42
5,7,15,24078.94,210060.42
5,7,30,26356.21,210060.42
5,7,45,28364.91,210060.42
5,8,0,30585.13,210060.42
5,8,15,36093.64,210060.42
5,8,30,41504.86,210060.42
5,8,45,47223.16,210060.42
5,9,0,52159.81,210060.42
5,9,15,57240.72,210060.42
5,9,30,62589.16,210060.42
5,9,45,67719.94,210060.42
5,10,0,73188.56,210060.42
5,10,15,75247.61,210060.42
5,10,30,77374.06,210060.42
5,10,45,79631.81,210060.42
5,11,0,81707.78,210060.42
5,11,15,83834.18,210060.42
5,11,30,86012.25,210060.42
5,11,45,88217.98,210060.42
5,12,0,90542.56,210060.42
5,12,15,92586.54,210060.42
5,12,30,94500.15,210060.42
5,12,45,96517.59,210060.42
5,13,0,98546.5,210060.42
5,13,15,100784.15,210060.42
5,13,30,102899.51,210060.42
5,13,45,104864.23,210060.42
5,14,0,106860.56,210060.42
5,14,15,109122.67,210060.42
5,14,30,111150.02,210060.42
5,14,45,113152.29,210060.42
5,15,0,115338.24,210060.42
5,15,15,117364.85,210060.42
5,15,30,119563.7,210060.42
5,15,45,121816.51,210060.42
5,16,0,123636.48,210060.42
5,16,15,125645.86,210060.42
5,16,30,127878.72,210060.42
5,16,45,129842.48,210060.42
5,17,0,132059.55,210060.42
5,17,15,137220.47,210060.42
5,17,30,142564.14,210060.42
5,17,45,147984.39,210060.42
5,18,0,153221.76,210060.42
5,18,15,158556.19,210060.42
5,18,30,163984.74,210060.42
5,18,45,169341.47,210060.42
5,19,0,174645.9,210060.42
5,19,15,176638.3,210060.42
5,19,30,178742.59,210060.42
5,19,45,180691.17,210060.42
5,20,0,182612.32,210060.42
5,20,15,184975.24,210060.42
5,20,30,187222.15,210060.42
5,20,45,189156.03,210060.42
5,21,0,190890.63,210060.42
5,21,15,193009.38,210060.42
5,21,30,195005.38,210060.42
5,21,45,197236.83,210060.42
5,22,0,199461.23,210060.42
5,22,15,201441.38,210060.42
5,22,30,203775.3,210060.42
5,22,45,205896.36,210060.42
5,23,0,207953.9,210060.42
5,23,15,208441.83,210060.42
5,23,30,208944.73,210060.42
5,23,45,209549.42,210060.42
6,0,0,35.37,210606.19
6,0,15,506.74,210606.19
6,0,30,980.9,210606.19
6,0,45,1554.62,210606.19
6,1,0,2011.0,210606.19
6,1,15,2600.92,210606.19
6,1,30,3059.04,210606.19
6,1,45,3571.77,210606.19
6,2,0,4095.22,210606.19
6,2,15,4656.61,210606.19
6,2,30,5125.51,210606.19
6,2,45,5618.82,210606.19
6,3,0,6246.69,210606.19
6,3,15,6699.85,210606.19
6,3,30,7182.44,210606.19
6,3,45,7699.01,210606.19
6,4,0,8394.29,210606.19
6,4,15,8881.27,210606.19
6,4,30,9446.65,210606.19
6,4,45,9989.74,210606.19
6,5,0,10570.32,210606.19
6,5,15,11031.76,210606.19
6,5,30,11419.68,210606.19
6,5,45,11977.05,210606.19
6,6,0,12513.14,210606.19
6,6,15,14568.14,210606.19
6,6,30,16537.18,210606.19
6,6,45,18669.25,210606.19
6,7,0,20891.46,210606.19
6,7,15,22836.37,210606.19
6,7,30,24991.53,210606.19
6,7,45,26938.19,210606.19
6,8,0,29239.78,210606.19
6,8,15,34472.54,210606.19
6,8,30,39943.46,210606.19
6,8,45,44940.63,210606.19
6,9,0,50221.6,210606.19
6,9,15,55703.73,210606.19
6,9,30,60913.26,210606.19
6,9,45,66315.07,210606.19
6,10,0,71544.47,210606.19
6,10,15,73628.44,210606.19
6,10,30,75878.93,210606.19
6,10,45,78134.59,210606.19
6,11,0,80298.04,210606.19
6,11,15,82328.2,210606.19
6,11,30,84501.1,210606.19
6,11,45,86726.37,210606.19
6,12,0,88799.91,210606.19
6,12,15,91174.18,210606.19
6,12,30,93255.87,210606.19
6,12,45,95530.06,210606.19
6,13,0,97845.84,210606.19
6,13,15,99838.8,210606.19
6,13,30,101924.38,210606.19
6,13,45,104230.47,210606.19
6,14,0,106363.07,210606.19
6,14,15,108438.41,210606.19
6,14,30,110464.98,210606.19
6,14,45,112649.95,210606.19
6,15,0,114747.73,210606.19
6,15,15,116914.33,210606.19
6,15,30,119198.92,210606.19
6,15,45,121282.18,210606.19
6,16,0,123335.56,210606.19
6,16,15,125405.61,210606.19
6,16,30,127848.4,210606.19
6,16,45,129973.57,210606.19
6,17,0,132215.87,210606.19
6,17,15,137441.55,210606.19
6,17,30,142936.26,210606.19
6,17,45,148267.33,210606.19
6,18,0,154038.52,210606.19
6,18,15,159580.7,210606.19
6,18,30,165152.64,210606.19
6,18,45,170379.62,210606.19
6,19,0,175296.76,210606.19
6,19,15,177202.32,210606.19
6,19,30,179407.33,210606.19
6,19,45,181404.83,210606.19
6,20,0,183390.54,210606.19
6,20,15,185375.89,210606.19
6,20,30,187291.98,210606.19
6,20,45,189562.45,210606.19
6,21,0,191447.24,210606.19
6,21,15,193647.61,210606.19
6,21,30,195728.39,210606.19
6,21,45,197835.27,210606.19
6,22,0,199707.19,210606.19
6,22,15,201985.62,210606.19
6,22,30,204238.87,210606.19
6,22,45,206629.5,210606.19
6,23,0,208630.55,210606.19
6,23,15,209118.91,210606.19
6,23,30,209564.4,210606.19
6,23,45,210156.23,210606.19
0,0,0,23.71,298218.94
0,0,15,716.21,298218.94
0,0,30,1442.59,298218.94
0,0,45,2209.42,298218.94
0,1,0,3022.23,298218.94
0,1,15,3623.11,298218.94
0,1,30,4362.31,298218.94
0,1,45,5170.81,298218.94
0,2,0,6039.46,298218.94
0,2,15,6818.98,298218.94
0,2,30,7624.98,298218.94
0,2,45,8341.71,298218.94
0,3,0,9080.67,298218.94
0,3,15,9790.2,298218.94
0,3,30,10546.15,298218.94
0,3,45,11181.48,298218.94
0,4,0,11889.75,298218.94
0,4,15,12661.45,298218.94
0,4,30,13415.4,298218.94
0,4,45,14186.01,298218.94
0,5,0,14869.12,298218.94
0,5,15,15663.73,298218.94
0,5,30,16315.53,298218.94
0,5,45,17102.86,298218.94
0,6,0,17968.53,298218.94
0,6,15,20905.13,298218.94
0,6,30,24087.53,298218.94
0,6,45,27026.84,298218.94
0,7,0,30283.59,298218.94
0,7,15,33067.66,298218.94
0,7,30,36436.59,298218.94
0,7,45,39725.97,298218.94
0,8,0,43249.4,298218.94
0,8,15,50874.7,298218.94
0,8,30,58788.55,298218.94
0,8,45,65974.23,298218.94
0,9,0,73734.93,298218.94
0,9,15,81107.88,298218.94
0,9,30,88567.23,298218.94
0,9,45,96140.11,298218.94
0,10,0,102944.16,298218.94
0,10,15,105858.66,298218.94
0,10,30,108824.92,298218.94
0,10,45,111741.94,298218.94
0,11,0,115116.75,298218.94
0,11,15,118078.95,298218.94
0,11,30,121185.31,298218.94
0,11,45,124377.43,298218.94
0,12,0,127142.21,298218.94
0,12,15,130165.49,298218.94
0,12,30,132895.96,298218.94
0,12,45,136247.53,298218.94
0,13,0,139288.13,298218.94
0,13,15,142638.53,298218.94
0,13,30,145353.21,298218.94
0,13,45,148168.77,298218.94
0,14,0,151221.23,298218.94
0,14,15,153890.16,298218.94
0,14,30,156593.38,298218.94
0,14,45,159481.09,298218.94
0,15,0,162335.3,298218.94
0,15,15,165490.33,298218.94
0,15,30,168722.0,298218.94
0,15,45,171557.17,298218.94
0,16,0,174686.93,298218.94
0,16,15,177406.54,298218.94
0,16,30,180738.84,298218.94
0,16,45,183903.45,298218.94
0,17,0,187109.68,298218.94
0,17,15,194818.37,298218.94
0,17,30,202806.91,298218.94
0,17,45,210305.09,298218.94
0,18,0,217756.89,298218.94
0,18,15,225013.19,298218.94
0,18,30,232245.05,298218.94
0,18,45,240181.08,298218.94
0,19,0,247131.46,298218.94
0,19,15,249882.93,298218.94
0,19,30,253091.15,298218.94
0,19,45,256418.88,298218.94
0,20,0,259396.13,298218.94
0,20,15,262200.57,298218.94
0,20,30,264836.21,298218.94
0,20,45,267818.24,298218.94
0,21,0,270784.79,298218.94
0,21,15,273539.78,298218.94
0,21,30,276813.74,298218.94
0,21,45,280015.63,298218.94
0,22,0,283061.81,298218.94
0,22,15,286056.74,298218.94
0,22,30,289396.8,298218.94
0,22,45,292211.41,298218.94
0,23,0,295145.75,298218.94
0,23,15,296039.91,298218.94
0,23,30,296684.31,298218.94
0,23,45,297562.01,298218.94
1,0,0,59.24,293291.96
1,0,15,870.19,293291.96
1,0,30,1702.02,293291.96
1,0,45,2447.81,293291.96
1,1,0,3116.02,293291.96
1,1,15,3855.09,293291.96
1,1,30,4651.13,293291.96
1,1,45,5357.04,293291.96
1,2,0,6096.42,293291.96
1,2,15,7077.81,293291.96
1,2,30,7793.5,293291.96
1,2,45,8476.19,293291.96
1,3,0,9299.12,293291.96
1,3,15,10060.31,293291.96
1,3,30,10773.18,293291.96
1,3,45,11616.85,293291.96
1,4,0,12233.03,293291.96
1,4,15,12981.05,293291.96
1,4,30,13685.51,293291.96
1,4,45,14431.37,293291.96
1,5,0,15267.37,293291.96
1,5,15,16014.34,293291.96
1,5,30,16773.5,293291.96
1,5,45,17301.14,293291.96
1,6,0,18184.89,293291.96
1,6,15,21143.81,293291.96
1,6,30,23916.7,293291.96
1,6,45,26933.02,293291.96
1,7,0,29939.71,293291.96
1,7,15,33287.53,293291.96
1,7,30,36140.46,293291.96
1,7,45,38665.44,293291.96
1,8,0,41612.21,293291.96
1,8,15,48881.07,293291.96
1,8,30,56591.78,293291.96
1,8,45,63439.4,293291.96
1,9,0,70627.13,293291.96
1,9,15,78096.51,293291.96
1,9,30,84741.05,293291.96
1,9,45,92199.28,293291.96
1,10,0,99662.33,293291.96
1,10,15,102924.48,293291.96
1,10,30,106105.51,293291.96
1,10,45,109231.31,293291.96
1,11,0,112430.25,293291.96
1,11,15,115231.43,293291.96
1,11,30,118083.72,293291.96
1,11,45,121303.57,293291.96
1,12,0,123967.57,293291.96
1,12,15,126795.6,293291.96
1,12,30,129487.8,293291.96
1,12,45,132545.6,293291.96
1,13,0,135495.05,293291.96
1,13,15,138755.84,293291.96
1,13,30,141885.57,293291.96
1,13,45,144705.07,293291.96
1,14,0,147435.81,293291.96
1,14,15,150322.73,293291.96
1,14,30,153295.73,293291.96
1,14,45,156595.77,293291.96
1,15,0,159592.73,293291.96
1,15,15,162456.38,293291.96
1,15,30,165465.15,293291.96
1,15,45,168390.4,293291.96
1,16,0,171215.72,293291.96
1,16,15,174026.93,293291.96
1,16,30,176970.22,293291.96
1,16,45,180001.81,293291.96
1,17,0,182666.43,293291.96
1,17,15,189959.56,293291.96
1,17,30,197797.57,293291.96
1,17,45,205008.0,293291.96
1,18,0,212660.53,293291.96
1,18,15,219980.26,293291.96
1,18,30,227947.15,293291.96
1,18,45,235942.99,293291.96
1,19,0,243253.75,293291.96
1,19,15,246001.22,293291.96
1,19,30,249041.98,293291.96
1,19,45,252041.48,293291.96
1,20,0,255245.44,293291.96
1,20,15,258244.59,293291.96
1,20,30,260974.71,293291.96
1,20,45,263731.88,293291.96
1,21,0,266603.48,293291.96
1,21,15,269572.99,293291.96
1,21,30,272603.26,293291.96
1,21,45,275474.01,293291.96
1,22,0,278402.18,293291.96
1,22,15,281686.24,293291.96
1,22,30,284335.43,293291.96
1,22,45,287362.14,293291.96
1,23,0,290297.99,293291.96
1,23,15,291039.25,293291.96
1,23,30,291870.4,293291.96
1,23,45,292586.54,293291.96
2,0,0,15.15,299125.0
2,0,15,778.29,299125.0
2,0,30,1559.64,299125.0
2,0,45,2397.02,299125.0
2,1,0,3085.06,299125.0
2,1,15,3856.7,299125.0
2,1,30,4531.44,299125.0
2,1,45,5375.87,299125.0
2,2,0,6146.85,299125.0
2,2,15,6876.12,299125.0
2,2,30,7693.11,299125.0
2,2,45,8392.25,299125.0
2,3,0,9024.01,299125.0
2,3,15,9696.57,299125.0
2,3,30,10369.52,299125.0
2,3,45,11143.1,299125.0
2,4,0,12048.77,299125.0
2,4,15,13002.96,299125.0
2,4,30,13715.67,299125.0
2,4,45,14526.37,299125.0
2,5,0,15249.45,299125.0
2,5,15,16076.19,299125.0
2,5,30,16806.68,299125.0
2,5,45,17620.14,299125.0
2,6,0,18591.85,299125.0
2,6,15,21870.69,299125.0
2,6,30,24565.98,299125.0
2,6,45,27435.8,299125.0
2,7,0,30290.2,299125.0
2,7,15,33460.5,299125.0
2,7,30,36653.3,299125.0
2,7,45,39747.73,299125.0
2,8,0,43104.01,299125.0
2,8,15,50332.51,299125.0
2,8,30,57773.82,299125.0
2,8,45,65128.85,299125.0
2,9,0,73110.44,299125.0
2,9,15,80320.7,299125.0
2,9,30,87526.78,299125.0
2,9,45,94828.32,299125.0
2,10,0,102072.35,299125.0
2,10,15,105183.83,299125.0
2,10,30,108518.76,299125.0
2,10,45,111091.09,299125.0
2,11,0,114234.04,299125.0
2,11,15,117274.55,299125.0
2,11,30,120117.63,299125.0
2,11,45,123312.24,299125.0
2,12,0,126466.5,299125.0
2,12,15,129478.1,299125.0
2,12,30,131964.03,299125.0
2,12,45,135148.45,299125.0
2,13,0,138008.8,299125.0
2,13,15,141182.5,299125.0
2,13,30,143941.7,299125.0
2,13,45,147224.53,299125.0
2,14,0,150464.9,299125.0
2,14,15,153351.58,299125.0
2,14,30,156402.14,299125.0
2,14,45,159519.07,299125.0
2,15,0,162668.42,299125.0
2,15,15,165771.34,299125.0
2,15,30,168605.84,299125.0
2,15,45,171787.61,299125.0
2,16,0,174474.77,299125.0
2,16,15,177550.57,299125.0
2,16,30,180658.86,299125.0
2,16,45,183438.94,299125.0
2,17,0,186694.68,299125.0
2,17,15,194607.43,299125.0
2,17,30,202109.06,299125.0
2,17,45,209250.26,299125.0
2,18,0,216736.4,299125.0
2,18,15,225035.1,299125.0
2,18,30,231981.84,299125.0
2,18,45,239808.17,299125.0
2,19,0,247738.29,299125.0
2,19,15,250577.75,299125.0
2,19,30,253567.76,299125.0
2,19,45,256662.1,299125.0
2,20,0,259613.8,299125.0
2,20,15,262890.66,299125.0
2,20,30,266306.74,299125.0
2,20,45,269039.08,299125.0
2,21,0,271861.98,299125.0
2,21,15,274730.17,299125.0
2,21,30,277889.26,299125.0
2,21,45,280941.16,299125.0
2,22,0,283993.16,299125.0
2,22,15,287093.2,299125.0
2,22,30,290194.05,299125.0
2,22,45,293079.13,299125.0
2,23,0,295834.32,299125.0
2,23,15,296675.84,299125.0
2,23,30,297500.97,299125.0
2,23,45,298277.72,299125.0
3,0,0,27.5,297276.39
3,0,15,757.28,297276.39
3,0,30,1603.05,297276.39
3,0,45,2357.48,297276.39
3,1,0,3012.56,297276.39
3,1,15,3808.65,297276.39
3,1,30,4623.21,297276.39
3,1,45,5376.89,297276.39
3,2,0,6165.22,297276.39
3,2,15,6970.49,297276.39
3,2,30,7555.34,297276.39
3,2,45,8267.53,297276.39
3,3,0,9088.1,297276.39
3,3,15,9879.53,297276.39
3,3,30,10719.75,297276.39
3,3,45,11488.98,297276.39
3,4,0,12344.39,297276.39
3,4,15,13211.41,297276.39
3,4,30,14070.85,297276.39
3,4,45,14757.88,297276.39
3,5,0,15487.8,297276.39
3,5,15,16401.19,297276.39
3,5,30,17102.71,297276.39
3,5,45,18097.18,297276.39
3,6,0,18995.04,297276.39
3,6,15,21648.7,297276.39
3,6,30,24102.93,297276.39
3,6,45,27143.79,297276.39
3,7,0,30160.8,297276.39
3,7,15,33021.62,297276.39
3,7,30,35658.28,297276.39
3,7,45,38659.86,297276.39
3,8,0,41641.85,297276.39
3,8,15,48911.95,297276.39
3,8,30,56193.88,297276.39
3,8,45,63591.95,297276.39
3,9,0,71432.4,297276.39
3,9,15,79580.12,297276.39
3,9,30,87062.57,297276.39
3,9,45,94497.84,297276.39
3,10,0,102395.83,297276.39
3,10,15,105225.45,297276.39
3,10,30,108458.88,297276.39
3,10,45,111320.5,297276.39
3,11,0,114318.3,297276.39
3,11,15,117368.26,297276.39
3,11,30,120386.57,297276.39
3,11,45,123439.01,297276.39
3,12,0,126272.79,297276.39
3,12,15,129227.71,297276.39
3,12,30,132423.12,297276.39
3,12,45,135650.42,297276.39
3,13,0,139001.79,297276.39
3,13,15,141884.35,297276.39
3,13,30,144719.29,297276.39
3,13,45,147705.1,297276.39
3,14,0,150586.36,297276.39
3,14,15,153866.61,297276.39
3,14,30,157022.8,297276.39
3,14,45,160124.12,297276.39
3,15,0,163438.96,297276.39
3,15,15,166295.77,297276.39
3,15,30,169234.21,297276.39
3,15,45,172006.92,297276.39
3,16,0,174702.33,297276.39
3,16,15,177487.85,297276.39
3,16,30,180429.96,297276.39
3,16,45,183451.11,297276.39
3,17,0,186613.37,297276.39
3,17,15,194257.75,297276.39
3,17,30,201350.09,297276.39
3,17,45,209082.42,297276.39
3,18,0,216381.06,297276.39
3,18,15,224316.22,297276.39
3,18,30,231828.15,297276.39
3,18,45,239467.41,297276.39
3,19,0,247039.93,297276.39
3,19,15,250210.26,297276.39
3,19,30,253155.69,297276.39
3,19,45,256021.26,297276.39
3,20,0,259078.85,297276.39
3,20,15,262055.14,297276.39
3,20,30,264881.66,297276.39
3,20,45,267706.65,297276.39
3,21,0,270813.85,297276.39
3,21,15,273837.49,297276.39
3,21,30,276696.5,297276.39
3,21,45,279760.51,297276.39
3,22,0,282589.84,297276.39
3,22,15,285620.03,297276.39
3,22,30,288594.95,297276.39
3,22,45,291457.11,297276.39
3,23,0,294181.5,297276.39
3,23,15,295031.22,297276.39
3,23,30,295764.5,297276.39
3,23,45,296493.3,297276.39
4,0,0,85.3,293995.03
4,0,15,773.15,293995.03
4,0,30,1395.79,293995.03
4,0,45,2271.79,293995.03
4,1,0,2971.06,293995.03
4,1,15,3698.76,293995.03
4,1,30,4321.29,293995.03
4,1,45,5025.51,293995.03
4,2,0,5801.21,293995.03
4,2,15,6487.98,293995.03
4,2,30,7110.57,293995.03
4,2,45,7879.11,293995.03
4,3,0,8604.33,293995.03
4,3,15,9433.03,293995.03
4,3,30,10146.94,293995.03
4,3,45,10877.64,293995.03
4,4,0,11644.14,293995.03
4,4,15,12373.43,293995.03
4,4,30,13187.89,293995.03
4,4,45,13874.95,293995.03
4,5,0,14595.44,293995.03
4,5,15,15311.54,293995.03
4,5,30,16044.91,293995.03
4,5,45,16831.41,293995.03
4,6,0,17862.59,293995.03
4,6,15,20761.36,293995.03
4,6,30,23799.57,293995.03
4,6,45,26492.22,293995.03
4,7,0,29669.98,293995.03
4,7,15,33060.13,293995.03
4,7,30,36308.96,293995.03
4,7,45,38997.88,293995.03
4,8,0,42125.57,293995.03
4,8,15,48727.96,293995.03
4,8,30,55661.61,293995.03
4,8,45,63110.25,293995.03
4,9,0,70817.22,293995.03
4,9,15,78194.35,293995.03
4,9,30,84975.4,293995.03
4,9,45,92050.49,293995.03
4,10,0,98856.32,293995.03
4,10,15,101953.43,293995.03
4,10,30,104846.0,293995.03
4,10,45,107788.06,293995.03
4,11,0,110778.18,293995.03
4,11,15,113700.91,293995.03
4,11,30,116477.36,293995.03
4,11,45,119472.56,293995.03
4,12,0,122566.26,293995.03
4,12,15,125711.28,293995.03
4,12,30,128468.27,293995.03
4,12,45,131703.32,293995.03
4,13,0,134882.55,293995.03
4,13,15,137776.06,293995.03
4,13,30,140821.1,293995.03
4,13,45,143690.06,293995.03
4,14,0,146962.17,293995.03
4,14,15,149925.06,293995.03
4,14,30,152934.57,293995.03
4,14,45,156078.94,293995.03
4,15,0,158976.31,293995.03
4,15,15,162202.53,293995.03
4,15,30,165221.95,293995.03
4,15,45,168149.07,293995.03
4,16,0,170733.6,293995.03
4,16,15,173989.3,293995.03
4,16,30,177089.87,293995.03
4,16,45,180389.04,293995.03
4,17,0,183417.59,293995.03
4,17,15,189746.22,293995.03
4,17,30,197822.6,293995.03
4,17,45,205956.03,293995.03
4,18,0,213180.38,293995.03
4,18,15,221412.86,293995.03
4,18,30,229302.36,293995.03
4,18,45,236505.41,293995.03
4,19,0,243507.13,293995.03
4,19,15,246439.71,293995.03
4,19,30,249457.8,293995.03
4,19,45,252489.36,293995.03
4,20,0,255451.88,293995.03
4,20,15,258498.76,293995.03
4,20,30,261768.42,293995.03
4,20,45,264574.27,293995.03
4,21,0,267563.62,293995.03
4,21,15,270493.15,293995.03
4,21,30,273646.55,293995.03
4,21,45,276821.21,293995.03
4,22,0,279755.15,293995.03
4,22,15,282686.25,293995.03
4,22,30,285453.36,293995.03
4,22,45,288306.31,293995.03
4,23,0,291054.65,293995.03
4,23,15,291816.21,293995.03
4,23,30,292631.57,293995.03
4,23,45,293341.1,293995.03
5,0,0,25.53,207391.97
5,0,15,534.9,207391.97
5,0,30,972.38,207391.97
5,0,45,1454.23,207391.97
5,1,0,1957.79,207391.97
5,1,15,2462.33,207391.97
5,1,30,3029.29,207391.97
5,1,45,3564.84,207391.97
5,2,0,4131.93,207391.97
5,2,15,4657.7,207391.97
5,2,30,5147.69,207391.97
5,2,45,5653.71,207391.97
5,3,0,6142.92,207391.97
5,3,15,6639.2,207391.97
5,3,30,7211.51,207391.97
5,3,45,7769.07,207391.97
5,4,0,8279.22,207391.97
5,4,15,8852.51,207391.97
5,4,30,9401.64,207391.97
5,4,45,9820.45,207391.97
5,5,0,10382.92,207391.97
5,5,15,10896.56,207391.97
5,5,30,11500.51,207391.97
5,5,45,12010.25,207391.97
5,6,0,12549.18,207391.97
5,6,15,14682.91,207391.97
5,6,30,16715.11,207391.97
5,6,45,18949.09,207391.97
5,7,0,20996.49,207391.97
5,7,15,22898.56,207391.97
5,7,30,25139.14,207391.97
5,7,45,27464.03,207391.97
5,8,0,29760.38,207391.97
5,8,15,34886.78,207391.97
5,8,30,40467.95,207391.97
5,8,45,45582.16,207391.97
5,9,0,50720.08,207391.97
5,9,15,56159.1,207391.97
5,9,30,60966.46,207391.97
5,9,45,66052.5,207391.97
5,10,0,71126.38,207391.97
5,10,15,73093.92,207391.97
5,10,30,75236.34,207391.97
5,10,45,77249.85,207391.97
5,11,0,79162.56,207391.97
5,11,15,81058.31,207391.97
5,11,30,83191.19,207391.97
5,11,45,85523.29,207391.97
5,12,0,87875.35,207391.97
5,12,15,89765.37,207391.97
5,12,30,91859.38,207391.97
5,12,45,93868.53,207391.97
5,13,0,96051.36,207391.97
5,13,15,98064.44,207391.97
5,13,30,100305.57,207391.97
5,13,45,102455.87,207391.97
5,14,0,104500.38,207391.97
5,14,15,106509.41,207391.97
5,14,30,108611.8,207391.97
5,14,45,110586.18,207391.97
5,15,0,112763.58,207391.97
5,15,15,114964.79,207391.97
5,15,30,117042.86,207391.97
5,15,45,119131.04,207391.97
5,16,0,121212.28,207391.97
5,16,15,123415.57,207391.97
5,16,30,125489.98,207391.97
5,16,45,127643.97,207391.97
5,17,0,129953.03,207391.97
5,17,15,135593.15,207391.97
5,17,30,141324.88,207391.97
5,17,45,146992.08,207391.97
5,18,0,151992.72,207391.97
5,18,15,157924.4,207391.97
5,18,30,162626.79,207391.97
5,18,45,168100.76,207391.97
5,19,0,172961.37,207391.97
5,19,15,174936.48,207391.97
5,19,30,176831.2,207391.97
5,19,45,178802.74,207391.97
5,20,0,180925.47,207391.97
5,20,15,182888.1,207391.97
5,20,30,185031.65,207391.97
5,20,45,187190.75,207391.97
5,21,0,189353.95,207391.97
5,21,15,191475.9,207391.97
5,21,30,193460.97,207391.97
5,21,45,195345.39,207391.97
5,22,0,197335.53,207391.97
5,22,15,199380.95,207391.97
5,22,30,201509.21,207391.97
5,22,45,203505.36,207391.97
5,23,0,205387.73,207391.97
5,23,15,205899.14,207391.97
5,23,30,206393.16,207391.97
5,23,45,206917.78,207391.97
6,0,0,58.21,206613.16
6,0,15,544.04,206613.16
6,0,30,948.68,206613.16
6,0,45,1486.69,206613.16
6,1,0,2017.68,206613.16
6,1,15,2523.3,206613.16
6,1,30,3004.29,206613.16
6,1,45,3520.38,206613.16
6,2,0,4016.0,206613.16
6,2,15,4540.17,206613.16
6,2,30,5108.47,206613.16
6,2,45,5651.21,206613.16
6,3,0,6250.24,206613.16
6,3,15,6753.47,206613.16
6,3,30,7256.21,206613.16
6,3,45,7788.57,206613.16
6,4,0,8300.09,206613.16
6,4,15,8821.4,206613.16
6,4,30,9277.77,206613.16
6,4,45,9772.86,206613.16
6,5,0,10408.21,206613.16
6,5,15,10925.87,206613.16
6,5,30,11459.02,206613.16
6,5,45,11975.63,206613.16
6,6,0,12612.46,206613.16
6,6,15,14665.11,206613.16
6,6,30,16891.12,206613.16
6,6,45,19128.75,206613.16
6,7,0,21337.92,206613.16
6,7,15,23493.41,206613.16
6,7,30,25474.36,206613.16
6,7,45,27632.9,206613.16
6,8,0,29999.21,206613.16
6,8,15,34892.62,206613.16
6,8,30,40035.88,206613.16
6,8,45,45588.67,206613.16
6,9,0,51133.54,206613.16
6,9,15,56574.56,206613.16
6,9,30,61411.11,206613.16
6,9,45,66076.36,206613.16
6,10,0,71282.47,206613.16
6,10,15,73342.3,206613.16
6,10,30,75549.64,206613.16
6,10,45,77752.01,206613.16
6,11,0,79678.2,206613.16
6,11,15,81633.53,206613.16
6,11,30,83698.05,206613.16
6,11,45,85682.4,206613.16
6,12,0,87864.91,206613.16
6,12,15,90062.13,206613.16
6,12,30,92134.06,206613.16
6,12,45,94162.58,206613.16
6,13,0,96266.91,206613.16
6,13,15,98169.66,206613.16
6,13,30,100246.67,206613.16
6,13,45,102498.01,206613.16
6,14,0,104602.25,206613.16
6,14,15,106559.68,206613.16
6,14,30,108658.06,206613.16
6,14,45,110756.36,206613.16
6,15,0,113032.04,206613.16
6,15,15,115104.7,206613.16
6,15,30,117203.05,206613.16
6,15,45,119289.86,206613.16
6,16,0,121322.85,206613.16
6,16,15,123358.43,206613.16
6,16,30,125686.6,206613.16
6,16,45,127837.68,206613.16
6,17,0,130318.09,206613.16
6,17,15,135529.41,206613.16
6,17,30,140608.01,206613.16
6,17,45,146347.07,206613.16
6,18,0,151426.3,206613.16
6,18,15,156469.31,206613.16
6,18,30,161074.9,206613.16
6,18,45,166512.74,206613.16
6,19,0,171565.97,206613.16
6,19,15,173495.99,206613.16
6,19,30,175618.48,206613.16
6,19,45,177410.92,206613.16
6,20,0,179409.41,206613.16
6,20,15,181610.22,206613.16
6,20,30,183477.45,206613.16
6,20,45,185599.51,206613.16
6,21,0,187563.26,206613.16
6,21,15,189772.37,206613.16
6,21,30,191957.26,206613.16
6,21,45,194098.57,206613.16
6,22,0,196002.9,206613.16
6,22,15,198115.64,206613.16
6,22,30,200289.3,206613.16
6,22,45,202379.37,206613.16
6,23,0,204465.46,206613.16
6,23,15,204986.1,206613.16
6,23,30,205449.54,206613.16
6,23,45,206017.77,206613.16
0,0,0,64.58,298141.77
0,0,15,656.57,298141.77
0,0,30,1407.21,298141.77
0,0,45,2130.52,298141.77
0,1,0,2869.24,298141.77
0,1,15,3588.35,298141.77
0,1,30,4422.92,298141.77
0,1,45,5062.81,298141.77
0,2,0,5773.15,298141.77
0,2,15,6472.99,298141.77
0,2,30,7235.42,298141.77
0,2,45,8100.71,298141.77
0,3,0,8947.82,298141.77
0,3,15,9713.34,298141.77
0,3,30,10642.65,298141.77
0,3,45,11293.75,298141.77
0,4,0,12047.44,298141.77
0,4,15,12815.58,298141.77
0,4,30,13615.01,298141.77
0,4,45,14476.58,298141.77
0,5,0,15281.52,298141.77
0,5,15,16115.99,298141.77
0,5,30,16972.35,298141.77
0,5,45,17802.65,298141.77
0,6,0,18728.46,298141.77
0,6,15,21882.12,298141.77
0,6,30,25132.29,298141.77
0,6,45,28063.24,298141.77
0,7,0,31055.66,298141.77
0,7,15,34008.94,298141.77
0,7,30,36971.46,298141.77
0,7,45,39954.9,298141.77
0,8,0,43251.0,298141.77
0,8,15,50664.4,298141.77
0,8,30,57971.93,298141.77
0,8,45,65308.67,298141.77
0,9,0,72756.16,298141.77
0,9,15,80100.34,298141.77
0,9,30,87596.42,298141.77
0,9,45,95575.58,298141.77
0,10,0,103609.67,298141.77
0,10,15,106720.82,298141.77
0,10,30,110005.96,298141.77
0,10,45,113027.77,298141.77
0,11,0,116063.85,298141.77
0,11,15,119066.13,298141.77
0,11,30,121691.33,298141.77
0,11,45,124542.12,298141.77
0,12,0,127482.92,298141.77
0,12,15,130478.79,298141.77
0,12,30,133515.12,298141.77
0,12,45,136328.93,298141.77
0,13,0,138956.06,298141.77
0,13,15,141686.23,298141.77
0,13,30,144582.37,298141.77
0,13,45,147375.35,298141.77
0,14,0,150449.03,298141.77
0,14,15,153178.32,298141.77
0,14,30,156225.89,298141.77
0,14,45,159269.63,298141.77
0,15,0,162435.71,298141.77
0,15,15,165351.9,298141.77
0,15,30,168262.75,298141.77
0,15,45,171337.5,298141.77
0,16,0,174472.02,298141.77
0,16,15,177451.33,298141.77
0,16,30,180592.4,298141.77
0,16,45,183539.42,298141.77
0,17,0,187017.22,298141.77
0,17,15,194467.36,298141.77
0,17,30,201838.95,298141.77
0,17,45,208985.1,298141.77
0,18,0,216961.49,298141.77
0,18,15,224506.83,298141.77
0,18,30,232339.3,298141.77
0,18,45,239671.59,298141.77
0,19,0,246850.56,298141.77
0,19,15,249812.39,298141.77
0,19,30,252932.55,298141.77
0,19,45,255830.2,298141.77
0,20,0,258903.77,298141.77
0,20,15,261773.9,298141.77
0,20,30,264896.1,298141.77
0,20,45,267918.54,298141.77
0,21,0,270683.51,298141.77
0,21,15,273597.31,298141.77
0,21,30,276814.9,298141.77
0,21,45,279717.27,298141.77
0,22,0,282827.02,298141.77
0,22,15,285986.47,298141.77
0,22,30,289176.72,298141.77
0,22,45,292305.14,298141.77
0,23,0,295224.17,298141.77
0,23,15,295995.12,298141.77
0,23,30,296684.37,298141.77
0,23,45,297448.7,298141.77
1,0,0,53.27,298774.72
1,0,15,674.0,298774.72
1,0,30,1462.05,298774.72
1,0,45,2114.59,298774.72
1,1,0,2877.18,298774.72
1,1,15,3616.44,298774.72
1,1,30,4373.06,298774.72
1,1,45,5211.9,298774.72
1,2,0,5834.35,298774.72
1,2,15,6603.03,298774.72
1,2,30,7483.65,298774.72
1,2,45,8204.37,298774.72
1,3,0,8958.63,298774.72
1,3,15,9581.65,298774.72
1,3,30,10318.83,298774.72
1,3,45,11209.18,298774.72
1,4,0,11882.68,298774.72
1,4,15,12564.1,298774.72
1,4,30,13247.78,298774.72
1,4,45,14004.51,298774.72
1,5,0,14685.66,298774.72
1,5,15,15470.96,298774.72
1,5,30,16421.88,298774.72
1,5,45,17201.2,298774.72
1,6,0,18101.25,298774.72
1,6,15,21342.22,298774.72
1,6,30,24226.25,298774.72
1,6,45,27247.8,298774.72
1,7,0,30443.25,298774.72
1,7,15,33403.81,298774.72
1,7,30,36209.38,298774.72
1,7,45,39251.46,298774.72
1,8,0,42760.76,298774.72
1,8,15,49511.66,298774.72
1,8,30,57064.83,298774.72
1,8,45,64707.89,298774.72
1,9,0,72159.14,298774.72
1,9,15,79754.01,298774.72
1,9,30,87492.1,298774.72
1,9,45,95204.07,298774.72
1,10,0,102195.71,298774.72
1,10,15,105241.48,298774.72
1,10,30,108286.95,298774.72
1,10,45,111465.82,298774.72
1,11,0,114661.38,298774.72
1,11,15,117680.48,298774.72
1,11,30,120714.67,298774.72
1,11,45,123676.33,298774.72
1,12,0,126744.84,298774.72
1,12,15,129756.23,298774.72
1,12,30,132600.14,298774.72
1,12,45,135544.03,298774.72
1,13,0,138399.57,298774.72
1,13,15,141681.74,298774.72
1,13,30,144414.25,298774.72
1,13,45,147537.88,298774.72
1,14,0,150798.79,298774.72
1,14,15,154191.58,298774.72
1,14,30,157300.75,298774.72
1,14,45,160602.45,298774.72
1,15,0,163580.63,298774.72
1,15,15,166601.31,298774.72
1,15,30,169986.7,298774.72
1,15,45,173033.02,298774.72
1,16,0,175940.38,298774.72
1,16,15,179082.1,298774.72
1,16,30,182054.93,298774.72
1,16,45,184946.03,298774.72
1,17,0,187960.1,298774.72
1,17,15,196057.82,298774.72
1,17,30,203355.63,298774.72
1,17,45,211066.11,298774.72
1,18,0,218757.13,298774.72
1,18,15,226752.14,298774.72
1,18,30,233847.48,298774.72
1,18,45,241394.43,298774.72
1,19,0,248210.69,298774.72
1,19,15,251554.82,298774.72
1,19,30,254425.07,298774.72
1,19,45,257567.05,298774.72
1,20,0,260602.42,298774.72
1,20,15,263552.83,298774.72
1,20,30,266515.58,298774.72
1,20,45,269675.17,298774.72
1,21,0,272801.13,298774.72
1,21,15,275513.98,298774.72
1,21,30,278668.96,298774.72
1,21,45,281928.3,298774.72
1,22,0,284784.28,298774.72
1,22,15,287540.01,298774.72
1,22,30,290785.55,298774.72
1,22,45,293529.61,298774.72
1,23,0,296033.28,298774.72
1,23,15,296695.99,298774.72
1,23,30,297347.72,298774.72
1,23,45,298112.52,298774.72
2,0,0,28.96,294775.03
2,0,15,807.91,294775.03
2,0,30,1520.63,294775.03
2,0,45,2340.49,294775.03
2,1,0,3140.92,294775.03
2,1,15,3841.26,294775.03
2,1,30,4685.33,294775.03
2,1,45,5465.91,294775.03
2,2,0,6172.91,294775.03
2,2,15,6994.51,294775.03
2,2,30,7840.46,294775.03
2,2,45,8671.67,294775.03
2,3,0,9309.57,294775.03
2,3,15,10036.0,294775.03
2,3,30,10650.45,294775.03
2,3,45,11360.61,294775.03
2,4,0,12159.25,294775.03
2,4,15,12907.55,294775.03
2,4,30,13659.94,294775.03
2,4,45,14376.76,294775.03
2,5,0,15119.93,294775.03
2,5,15,15879.32,294775.03
2,5,30,16629.89,294775.03
2,5,45,17447.02,294775.03
2,6,0,18121.27,294775.03
2,6,15,20925.93,294775.03
2,6,30,24011.48,294775.03
2,6,45,27015.39,294775.03
2,7,0,29894.21,294775.03
2,7,15,33001.92,294775.03
2,7,30,36194.16,294775.03
2,7,45,39367.38,294775.03
2,8,0,42562.05,294775.03
2,8,15,50281.95,294775.03
2,8,30,57435.22,294775.03
2,8,45,64798.89,294775.03
2,9,0,72643.32,294775.03
2,9,15,80021.78,294775.03
2,9,30,87249.59,294775.03
2,9,45,95321.46,294775.03
2,10,0,102218.51,294775.03
2,10,15,105269.18,294775.03
2,10,30,108214.49,294775.03
2,10,45,111003.27,294775.03
2,11,0,114063.54,294775.03
2,11,15,117194.73,294775.03
2,11,30,120359.72,294775.03
2,11,45,123455.56,294775.03
2,12,0,126333.78,294775.03
2,12,15,129330.48,294775.03
2,12,30,132337.13,294775.03
2,12,45,135201.03,294775.03
2,13,0,138159.03,294775.03
2,13,15,140931.34,294775.03
2,13,30,144129.53,294775.03
2,13,45,147293.28,294775.03
2,14,0,150094.56,294775.03
2,14,15,152760.97,294775.03
2,14,30,155565.5,294775.03
2,14,45,158419.71,294775.03
2,15,0,161363.95,294775.03
2,15,15,164365.3,294775.03
2,15,30,167506.17,294775.03
2,15,45,170695.68,294775.03
2,16,0,173515.78,294775.03
2,16,15,176300.36,294775.03
2,16,30,178940.73,294775.03
2,16,45,181908.93,294775.03
2,17,0,185025.35,294775.03
2,17,15,192930.94,294775.03
2,17,30,199321.48,294775.03
2,17,45,206891.31,294775.03
2,18,0,214109.69,294775.03
2,18,15,221733.89,294775.03
2,18,30,228632.58,294775.03
2,18,45,236485.24,294775.03
2,19,0,243696.78,294775.03
2,19,15,246825.2,294775.03
2,19,30,249811.59,294775.03
2,19,45,252678.99,294775.03
2,20,0,255777.03,294775.03
2,20,15,258791.38,294775.03
2,20,30,261967.18,294775.03
2,20,45,265365.91,294775.03
2,21,0,268077.2,294775.03
2,21,15,271183.04,294775.03
2,21,30,273901.86,294775.03
2,21,45,277106.31,294775.03
2,22,0,280309.75,294775.03
2,22,15,283129.45,294775.03
2,22,30,286219.03,294775.03
2,22,45,289198.57,294775.03
2,23,0,291900.54,294775.03
2,23,15,292646.81,294775.03
2,23,30,293444.51,294775.03
2,23,45,294173.1,294775.03
3,0,0,56.11,295316.75
3,0,15,696.22,295316.75
3,0,30,1384.52,295316.75
3,0,45,2063.44,295316.75
3,1,0,2909.18,295316.75
3,1,15,3637.9,295316.75
3,1,30,4483.84,295316.75
3,1,45,5047.93,295316.75
3,2,0,5783.27,295316.75
3,2,15,6479.95,295316.75
3,2,30,7267.05,295316.75
3,2,45,7949.98,295316.75
3,3,0,8609.33,295316.75
3,3,15,9197.95,295316.75
3,3,30,10004.07,295316.75
3,3,45,10940.2,295316.75
3,4,0,11582.81,295316.75
3,4,15,12283.38,295316.75
3,4,30,13097.66,295316.75
3,4,45,13890.69,295316.75
3,5,0,14763.54,295316.75
3,5,15,15484.17,295316.75
3,5,30,16222.82,295316.75
3,5,45,17012.54,295316.75
3,6,0,17970.67,295316.75
3,6,15,21034.1,295316.75
3,6,30,24088.65,295316.75
3,6,45,27296.05,295316.75
3,7,0,30158.42,295316.75
3,7,15,33173.01,295316.75
3,7,30,36257.06,295316.75
3,7,45,39552.65,295316.75
3,8,0,42820.66,295316.75
3,8,15,50723.05,295316.75
3,8,30,58196.17,295316.75
3,8,45,65748.22,295316.75
3,9,0,73244.38,295316.75
3,9,15,80988.06,295316.75
3,9,30,88441.44,295316.75
3,9,45,95876.4,295316.75
3,10,0,103262.49,295316.75
3,10,15,106227.08,295316.75
3,10,30,108919.57,295316.75
3,10,45,111824.1,295316.75
3,11,0,114882.71,295316.75
3,11,15,117760.81,295316.75
3,11,30,120391.31,295316.75
3,11,45,123463.87,295316.75
3,12,0,126218.17,295316.75
3,12,15,129198.83,295316.75
3,12,30,132409.52,295316.75
3,12,45,135382.19,295316.75
3,13,0,138079.57,295316.75
3,13,15,140833.21,295316.75
3,13,30,143581.37,295316.75
3,13,45,146334.14,295316.75
3,14,0,149380.07,295316.75
3,14,15,152359.44,295316.75
3,14,30,155430.88,295316.75
3,14,45,158569.42,295316.75
3,15,0,161725.1,295316.75
3,15,15,164615.92,295316.75
3,15,30,167389.29,295316.75
3,15,45,170379.84,295316.75
3,16,0,173352.62,295316.75
3,16,15,176496.72,295316.75
3,16,30,179475.08,295316.75
3,16,45,182299.04,295316.75
3,17,0,185199.02,295316.75
3,17,15,192852.29,295316.75
3,17,30,200431.94,295316.75
3,17,45,207904.39,295316.75
3,18,0,214882.34,295316.75
3,18,15,222032.73,295316.75
3,18,30,229786.59,295316.75
3,18,45,237635.59,295316.75
3,19,0,244568.29,295316.75
3,19,15,247431.81,295316.75
3,19,30,250335.0,295316.75
3,19,45,253259.68,295316.75
3,20,0,255923.53,295316.75
3,20,15,258716.56,295316.75
3,20,30,261939.5,295316.75
3,20,45,265317.74,295316.75
3,21,0,268222.08,295316.75
3,21,15,271501.08,295316.75
3,21,30,274438.93,295316.75
3,21,45,277606.6,295316.75
3,22,0,280517.09,295316.75
3,22,15,283436.6,295316.75
3,22,30,286649.49,295316.75
3,22,45,289341.51,295316.75
3,23,0,292412.36,295316.75
3,23,15,293245.04,295316.75
3,23,30,294003.5,295316.75
3,23,45,294633.51,295316.75
4,0,0,85.62,298535.49
4,0,15,747.49,298535.49
4,0,30,1524.64,298535.49
4,0,45,2330.35,298535.49
4,1,0,3203.43,298535.49
4,1,15,3886.0,298535.49
4,1,30,4597.67,298535.49
4,1,45,5380.45,298535.49
4,2,0,6084.76,298535.49
4,2,15,6821.43,298535.49
4,2,30,7591.39,298535.49
4,2,45,8314.25,298535.49
4,3,0,9017.12,298535.49
4,3,15,9760.16,298535.49
4,3,30,10489.56,298535.49
4,3,45,11184.52,298535.49
4,4,0,12048.97,298535.49
4,4,15,12829.89,298535.49
4,4,30,13544.26,298535.49
4,4,45,14164.71,298535.49
4,5,0,15005.0,298535.49
4,5,15,15651.27,298535.49
4,5,30,16499.88,298535.49
4,5,45,17330.21,298535.49
4,6,0,18030.33,298535.49
4,6,15,20849.06,298535.49
4,6,30,23826.46,298535.49
4,6,45,26772.1,298535.49
4,7,0,29711.76,298535.49
4,7,15,32847.98,298535.49
4,7,30,36025.88,298535.49
4,7,45,38937.21,298535.49
4,8,0,42253.17,298535.49
4,8,15,50443.01,298535.49
4,8,30,57922.04,298535.49
4,8,45,65120.46,298535.49
4,9,0,73285.44,298535.49
4,9,15,80092.34,298535.49
4,9,30,87402.11,298535.49
4,9,45,95197.19,298535.49
4,10,0,102417.71,298535.49
4,10,15,105052.06,298535.49
4,10,30,107909.19,298535.49
4,10,45,111024.45,298535.49
4,11,0,114235.48,298535.49
4,11,15,117248.42,298535.49
4,11,30,120162.24,298535.49
4,11,45,123170.64,298535.49
4,12,0,126104.85,298535.49
4,12,15,129442.03,298535.49
4,12,30,132240.08,298535.49
4,12,45,135258.94,298535.49
4,13,0,138221.62,298535.49
4,13,15,141498.76,298535.49
4,13,30,144111.25,298535.49
4,13,45,147126.43,298535.49
4,14,0,150099.64,298535.49
4,14,15,152818.11,298535.49
4,14,30,155781.8,298535.49
4,14,45,158506.82,298535.49
4,15,0,161234.77,298535.49
4,15,15,164370.9,298535.49
4,15,30,167264.87,298535.49
4,15,45,170020.44,298535.49
4,16,0,172926.64,298535.49
4,16,15,176072.94,298535.49
4,16,30,178927.35,298535.49
4,16,45,181762.24,298535.49
4,17,0,184996.81,298535.49
4,17,15,192399.15,298535.49
4,17,30,199053.93,298535.49
4,17,45,206589.89,298535.49
4,18,0,215145.86,298535.49
4,18,15,223140.97,298535.49
4,18,30,231264.28,298535.49
4,18,45,238812.54,298535.49
4,19,0,246045.61,298535.49
4,19,15,248628.65,298535.49
4,19,30,251867.7,298535.49
4,19,45,254833.09,298535.49
4,20,0,257977.97,298535.49
4,20,15,260985.85,298535.49
4,20,30,264024.22,298535.49
4,20,45,267175.49,298535.49
4,21,0,270725.74,298535.49
4,21,15,273571.89,298535.49
4,21,30,276631.18,298535.49
4,21,45,279960.12,298535.49
4,22,0,282926.49,298535.49
4,22,15,286076.39,298535.49
4,22,30,289344.03,298535.49
4,22,45,292567.79,298535.49
4,23,0,295409.76,298535.49
4,23,15,296204.54,298535.49
4,23,30,297027.2,298535.49
4,23,45,297890.47,298535.49
5,0,0,22.65,207558.3
5,0,15,505.21,207558.3
5,0,30,1008.62,207558.3
5,0,45,1496.56,207558.3
5,1,0,1976.02,207558.3
5,1,15,2493.43,207558.3
5,1,30,3024.62,207558.3
5,1,45,3534.5,207558.3
5,2,0,4094.32,207558.3
5,2,15,4638.04,207558.3
5,2,30,5152.01,207558.3
5,2,45,5660.53,207558.3
5,3,0,6165.05,207558.3
5,3,15,6761.6,207558.3
5,3,30,7254.95,207558.3
5,3,45,7835.03,207558.3
5,4,0,8399.63,207558.3
5,4,15,8895.25,207558.3
5,4,30,9520.28,207558.3
5,4,45,10046.91,207558.3
5,5,0,10525.46,207558.3
5,5,15,10988.71,207558.3
5,5,30,11522.87,207558.3
5,5,45,12086.47,207558.3
5,6,0,12773.93,207558.3
5,6,15,14991.91,207558.3
5,6,30,17072.53,207558.3
5,6,45,19445.58,207558.3
5,7,0,21329.21,207558.3
5,7,15,23503.71,207558.3
5,7,30,25527.57,207558.3
5,7,45,27537.87,207558.3
5,8,0,29886.67,207558.3
5,8,15,35209.9,207558.3
5,8,30,40526.95,207558.3
5,8,45,45550.02,207558.3
5,9,0,50898.57,207558.3
5,9,15,55804.96,207558.3
5,9,30,61073.2,207558.3
5,9,45,66232.63,207558.3
5,10,0,71423.69,207558.3
5,10,15,73420.99,207558.3
5,10,30,75810.83,207558.3
5,10,45,77852.43,207558.3
5,11,0,79874.7,207558.3
5,11,15,81899.87,207558.3
5,11,30,83852.03,207558.3
5,11,45,85772.09,207558.3
5,12,0,87453.55,207558.3
5,12,15,89587.68,207558.3
5,12,30,91697.57,207558.3
5,12,45,93682.03,207558.3
5,13,0,95520.28,207558.3
5,13,15,97374.32,207558.3
5,13,30,99231.74,207558.3
5,13,45,101041.38,207558.3
5,14,0,102905.44,207558.3
5,14,15,104946.87,207558.3
5,14,30,107004.92,207558.3
5,14,45,109125.88,207558.3
5,15,0,111291.73,207558.3
5,15,15,113149.69,207558.3
5,15,30,115076.68,207558.3
5,15,45,117301.31,207558.3
5,16,0,119430.45,207558.3
5,16,15,121662.06,207558.3
5,16,30,123665.49,207558.3
5,16,45,125746.94,207558.3
5,17,0,128284.2,207558.3
5,17,15,133618.97,207558.3
5,17,30,138772.96,207558.3
5,17,45,144166.03,207558.3
5,18,0,149424.31,207558.3
5,18,15,154783.32,207558.3
5,18,30,160000.68,207558.3
5,18,45,165639.86,207558.3
5,19,0,170995.67,207558.3
5,19,15,173392.05,207558.3
5,19,30,175360.48,207558.3
5,19,45,177453.57,207558.3
5,20,0,179304.23,207558.3
5,20,15,181607.65,207558.3
5,20,30,183786.3,207558.3
5,20,45,186019.36,207558.3
5,21,0,188299.59,207558.3
5,21,15,190498.99,207558.3
5,21,30,192647.63,207558.3
5,21,45,194760.67,207558.3
5,22,0,196697.74,207558.3
5,22,15,198880.55,207558.3
5,22,30,201112.3,207558.3
5,22,45,203306.74,207558.3
5,23,0,205481.17,207558.3
5,23,15,206018.17,207558.3
5,23,30,206556.39,207558.3
5,23,45,207042.03,207558.3
6,0,0,29.32,204701.85
6,0,15,522.93,204701.85
6,0,30,1008.75,204701.85
6,0,45,1537.27,204701.85
6,1,0,1998.21,204701.85
6,1,15,2544.36,204701.85
6,1,30,3131.15,204701.85
6,1,45,3683.97,204701.85
6,2,0,4218.99,204701.85
6,2,15,4812.34,204701.85
6,2,30,5283.98,204701.85
6,2,45,5815.52,204701.85
6,3,0,6319.93,204701.85
6,3,15,6814.54,204701.85
6,3,30,7367.02,204701.85
6,3,45,7820.58,204701.85
6,4,0,8431.34,204701.85
6,4,15,8977.99,204701.85
6,4,30,9458.85,204701.85
6,4,45,9955.43,204701.85
6,5,0,10530.93,204701.85
6,5,15,11009.67,204701.85
6,5,30,11436.11,204701.85
6,5,45,11990.29,204701.85
6,6,0,12629.12,204701.85
6,6,15,14704.96,204701.85
6,6,30,16964.45,204701.85
6,6,45,18930.6,204701.85
6,7,0,21089.48,204701.85
6,7,15,23112.01,204701.85
6,7,30,25137.3,204701.85
6,7,45,27323.26,204701.85
6,8,0,29566.08,204701.85
6,8,15,34370.96,204701.85
6,8,30,39973.78,204701.85
6,8,45,44682.12,204701.85
6,9,0,49480.22,204701.85
6,9,15,54924.36,204701.85
6,9,30,60053.17,204701.85
6,9,45,65175.18,204701.85
6,10,0,70012.9,204701.85
6,10,15,72081.74,204701.85
6,10,30,74134.98,204701.85
6,10,45,76171.63,204701.85
6,11,0,78217.96,204701.85
6,11,15,80067.51,204701.85
6,11,30,82018.9,204701.85
6,11,45,84156.59,204701.85
6,12,0,86320.25,204701.85
6,12,15,88277.44,204701.85
6,12,30,90506.25,204701.85
6,12,45,92733.85,204701.85
6,13,0,94692.78,204701.85
6,13,15,96794.96,204701.85
6,13,30,98799.53,204701.85
6,13,45,100507.1,204701.85
6,14,0,102631.22,204701.85
6,14,15,104520.01,204701.85
6,14,30,106540.23,204701.85
6,14,45,108847.29,204701.85
6,15,0,110909.0,204701.85
6,15,15,112887.68,204701.85
6,15,30,114909.03,204701.85
6,15,45,117146.48,204701.85
6,16,0,119195.53,204701.85
6,16,15,121366.79,204701.85
6,16,30,123419.44,204701.85
6,16,45,125580.78,204701.85
6,17,0,127879.11,204701.85
6,17,15,133200.1,204701.85
6,17,30,138451.8,204701.85
6,17,45,143632.01,204701.85
6,18,0,148804.95,204701.85
6,18,15,154005.65,204701.85
6,18,30,159429.72,204701.85
6,18,45,164629.51,204701.85
6,19,0,169259.51,204701.85
6,19,15,171155.52,204701.85
6,19,30,173180.11,204701.85
6,19,45,175466.06,204701.85
6,20,0,177298.58,204701.85
6,20,15,179403.28,204701.85
6,20,30,181520.47,204701.85
6,20,45,183342.86,204701.85
6,21,0,185407.25,204701.85
6,21,15,187642.93,204701.85
6,21,30,189773.07,204701.85
6,21,45,191799.63,204701.85
6,22,0,193904.15,204701.85
6,22,15,196235.16,204701.85
6,22,30,198357.59,204701.85
6,22,45,200696.34,204701.85
6,23,0,202663.5,204701.85
6,23,15,203199.63,204701.85
6,23,30,203746.27,204701.85
6,23,45,204253.14,204701.85
0,0,0,40.35,295643.3
0,0,15,754.06,295643.3
0,0,30,1487.63,295643.3
0,0,45,2111.36,295643.3
0,1,0,2944.63,295643.3
0,1,15,3707.73,295643.3
0,1,30,4377.87,295643.3
0,1,45,5244.82,295643.3
0,2,0,6003.42,295643.3
0,2,15,6817.61,295643.3
0,2,30,7481.25,295643.3
0,2,45,8264.32,295643.3
0,3,0,8924.0,295643.3
0,3,15,9799.67,295643.3
0,3,30,10446.49,295643.3
0,3,45,11068.76,295643.3
0,4,0,11706.74,295643.3
0,4,15,12391.86,295643.3
0,4,30,13231.86,295643.3
0,4,45,13983.68,295643.3
0,5,0,14842.3,295643.3
0,5,15,15551.85,295643.3
0,5,30,16202.81,295643.3
0,5,45,16972.77,295643.3
0,6,0,17798.96,295643.3
0,6,15,20617.42,295643.3
0,6,30,23568.49,295643.3
0,6,45,26486.16,295643.3
0,7,0,29379.02,295643.3
0,7,15,32476.48,295643.3
0,7,30,35292.88,295643.3
0,7,45,38593.36,295643.3
0,8,0,41877.39,295643.3
0,8,15,49026.21,295643.3
0,8,30,56588.25,295643.3
0,8,45,64268.08,295643.3
0,9,0,71509.52,295643.3
0,9,15,79695.17,295643.3
0,9,30,86672.26,295643.3
0,9,45,94833.55,295643.3
0,10,0,102129.07,295643.3
0,10,15,105354.8,295643.3
0,10,30,108104.02,295643.3
0,10,45,111144.26,295643.3
0,11,0,114193.41,295643.3
0,11,15,117202.3,295643.3
0,11,30,120257.1,295643.3
0,11,45,123369.22,295643.3
0,12,0,126370.48,295643.3
0,12,15,129495.01,295643.3
0,12,30,132189.6,295643.3
0,12,45,135099.31,295643.3
0,13,0,138058.02,295643.3
0,13,15,141003.39,295643.3
0,13,30,143580.61,295643.3
0,13,45,146425.21,295643.3
0,14,0,149246.15,295643.3
0,14,15,152144.09,295643.3
0,14,30,155138.71,295643.3
0,14,45,158066.53,295643.3
0,15,0,160790.95,295643.3
0,15,15,163801.2,295643.3
0,15,30,166827.85,295643.3
0,15,45,169647.87,295643.3
0,16,0,172596.71,295643.3
0,16,15,175817.18,295643.3
0,16,30,178940.23,295643.3
0,16,45,181524.28,295643.3
0,17,0,184479.75,295643.3
0,17,15,191343.46,295643.3
0,17,30,198881.14,295643.3
0,17,45,206426.75,295643.3
0,18,0,214457.93,295643.3
0,18,15,221541.35,295643.3
0,18,30,228402.64,295643.3
0,18,45,236223.45,295643.3
0,19,0,243457.91,295643.3
0,19,15,246300.0,295643.3
0,19,30,249084.45,295643.3
0,19,45,252057.56,295643.3
0,20,0,255174.37,295643.3
0,20,15,258147.33,295643.3
0,20,30,261446.23,295643.3
0,20,45,264943.58,295643.3
0,21,0,267905.17,295643.3
0,21,15,270693.76,295643.3
0,21,30,274007.12,295643.3
0,21,45,277275.62,295643.3
0,22,0,280355.34,295643.3
0,22,15,283734.87,295643.3
0,22,30,286857.82,295643.3
0,22,45,290047.77,295643.3
0,23,0,292657.96,295643.3
0,23,15,293475.57,295643.3
0,23,30,294316.06,295643.3
0,23,45,295016.25,295643.3
1,0,0,64.44,295834.12
1,0,15,746.29,295834.12
1,0,30,1579.9,295834.12
1,0,45,2342.27,295834.12
1,1,0,3087.19,295834.12
1,1,15,3707.85,295834.12
1,1,30,4428.16,295834.12
1,1,45,5160.6,295834.12
1,2,0,5855.23,295834.12
1,2,15,6556.79,295834.12
1,2,30,7228.3,295834.12
1,2,45,8044.08,295834.12
1,3,0,8703.8,295834.12
1,3,15,9471.59,295834.12
1,3,30,10151.86,295834.12
1,3,45,10866.76,295834.12
1,4,0,11748.0,295834.12
1,4,15,12470.55,295834.12
1,4,30,13231.43,295834.12
1,4,45,14096.48,295834.12
1,5,0,14822.17,295834.12
1,5,15,15526.49,295834.12
1,5,30,16239.63,295834.12
1,5,45,16922.24,295834.12
1,6,0,17806.6,295834.12
1,6,15,20942.04,295834.12
1,6,30,23673.43,295834.12
1,6,45,26595.39,295834.12
1,7,0,29519.81,295834.12
1,7,15,32505.64,295834.12
1,7,30,35081.3,295834.12
1,7,45,38190.31,295834.12
1,8,0,42062.09,295834.12
1,8,15,49772.16,295834.12
1,8,30,57041.63,295834.12
1,8,45,64572.67,295834.12
1,9,0,72183.19,295834.12
1,9,15,79647.21,295834.12
1,9,30,87696.22,295834.12
1,9,45,95149.15,295834.12
1,10,0,102320.5,295834.12
1,10,15,104837.31,295834.12
1,10,30,107781.72,295834.12
1,10,45,110622.28,295834.12
1,11,0,113428.63,295834.12
1,11,15,116597.16,295834.12
1,11,30,119469.92,295834.12
1,11,45,122621.06,295834.12
1,12,0,125375.63,295834.12
1,12,15,128191.68,295834.12
1,12,30,131392.45,295834.12
1,12,45,134867.33,295834.12
1,13,0,137873.94,295834.12
1,13,15,140917.93,295834.12
1,13,30,143974.43,295834.12
1,13,45,146758.77,295834.12
1,14,0,150148.32,295834.12
1,14,15,153034.17,295834.12
1,14,30,155914.16,295834.12
1,14,45,158657.52,295834.12
1,15,0,161683.93,295834.12
1,15,15,164877.53,295834.12
1,15,30,168069.87,295834.12
1,15,45,171134.03,295834.12
1,16,0,174081.81,295834.12
1,16,15,177096.49,295834.12
1,16,30,179740.64,295834.12
1,16,45,182464.9,295834.12
1,17,0,185857.19,295834.12
1,17,15,193267.42,295834.12
1,17,30,200211.92,295834.12
1,17,45,208099.18,295834.12
1,18,0,215332.93,295834.12
1,18,15,222732.69,295834.12
1,18,30,230485.42,295834.12
1,18,45,238034.44,295834.12
1,19,0,244902.94,295834.12
1,19,15,247897.37,295834.12
1,19,30,251102.0,295834.12
1,19,45,254410.88,295834.12
1,20,0,257764.6,295834.12
1,20,15,260433.14,295834.12
1,20,30,263465.36,295834.12
1,20,45,266754.65,295834.12
1,21,0,269831.03,295834.12
1,21,15,273022.68,295834.12
1,21,30,275887.25,295834.12
1,21,45,279050.13,295834.12
1,22,0,282358.15,295834.12
1,22,15,285080.99,295834.12
1,22,30,287856.5,295834.12
1,22,45,290682.07,295834.12
1,23,0,293188.11,295834.12
1,23,15,293855.47,295834.12
1,23,30,294491.29,295834.12
1,23,45,295167.41,295834.12
2,0,0,13.73,298551.87
2,0,15,618.7,298551.87
2,0,30,1361.86,298551.87
2,0,45,2244.37,298551.87
2,1,0,2831.97,298551.87
2,1,15,3577.49,298551.87
2,1,30,4355.21,298551.87
2,1,45,5125.58,298551.87
2,2,0,5870.37,298551.87
2,2,15,6588.01,298551.87
2,2,30,7355.2,298551.87
2,2,45,8217.98,298551.87
2,3,0,9038.59,298551.87
2,3,15,9880.39,298551.87
2,3,30,10561.27,298551.87
2,3,45,11371.41,298551.87
2,4,0,11898.92,298551.87
2,4,15,12576.13,298551.87
2,4,30,13405.86,298551.87
2,4,45,14031.9,298551.87
2,5,0,14812.98,298551.87
2,5,15,15517.42,298551.87
2,5,30,16330.12,298551.87
2,5,45,16989.68,298551.87
2,6,0,17765.87,298551.87
2,6,15,20565.72,298551.87
2,6,30,23773.8,298551.87
2,6,45,26639.28,298551.87
2,7,0,29832.86,298551.87
2,7,15,32895.87,298551.87
2,7,30,35922.29,298551.87
2,7,45,38889.51,298551.87
2,8,0,42256.04,298551.87
2,8,15,50486.69,298551.87
2,8,30,58824.91,298551.87
2,8,45,66289.92,298551.87
2,9,0,73735.32,298551.87
2,9,15,81463.23,298551.87
2,9,30,89433.91,298551.87
2,9,45,97181.17,298551.87
2,10,0,103648.76,298551.87
2,10,15,106676.9,298551.87
2,10,30,109458.73,298551.87
2,10,45,112728.22,298551.87
2,11,0,115749.37,298551.87
2,11,15,118838.71,298551.87
2,11,30,122175.79,298551.87
2,11,45,125208.92,298551.87
2,12,0,128164.18,298551.87
2,12,15,131134.78,298551.87
2,12,30,134369.52,298551.87
2,12,45,137354.53,298551.87
2,13,0,140225.25,298551.87
2,13,15,143464.7,298551.87
2,13,30,146467.46,298551.87
2,13,45,149507.18,298551.87
2,14,0,152205.99,298551.87
2,14,15,155361.16,298551.87
2,14,30,158357.99,298551.87
2,14,45,161160.38,298551.87
2,15,0,164032.35,298551.87
2,15,15,167027.6,298551.87
2,15,30,169931.63,298551.87
2,15,45,173494.67,298551.87
2,16,0,176965.58,298551.87
2,16,15,179795.36,298551.87
2,16,30,182949.06,298551.87
2,16,45,186175.75,298551.87
2,17,0,189578.44,298551.87
2,17,15,197456.04,298551.87
2,17,30,205139.24,298551.87
2,17,45,212196.22,298551.87
2,18,0,219689.7,298551.87
2,18,15,227550.45,298551.87
2,18,30,234613.7,298551.87
2,18,45,242309.68,298551.87
2,19,0,248726.85,298551.87
2,19,15,251571.74,298551.87
2,19,30,254392.31,298551.87
2,19,45,257281.3,298551.87
2,20,0,260309.39,298551.87
2,20,15,263462.55,298551.87
2,20,30,266397.74,298551.87
2,20,45,269431.05,298551.87
2,21,0,272352.94,298551.87
2,21,15,274988.17,298551.87
2,21,30,278146.73,298551.87
2,21,45,281088.85,298551.87
2,22,0,284195.47,298551.87
2,22,15,286619.52,298551.87
2,22,30,289658.93,298551.87
2,22,45,292632.18,298551.87
2,23,0,295677.8,298551.87
2,23,15,296410.0,298551.87
2,23,30,297232.76,298551.87
2,23,45,297859.15,298551.87
3,0,0,15.92,297762.71
3,0,15,837.17,297762.71
3,0,30,1721.94,297762.71
3,0,45,2388.66,297762.71
3,1,0,3167.17,297762.71
3,1,15,3916.59,297762.71
3,1,30,4798.78,297762.71
3,1,45,5495.24,297762.71
3,2,0,6198.88,297762.71
3,2,15,6884.72,297762.71
3,2,30,7582.32,297762.71
3,2,45,8349.39,297762.71
3,3,0,9124.69,297762.71
3,3,15,9813.08,297762.71
3,3,30,10621.7,297762.71
3,3,45,11422.49,297762.71
3,4,0,12181.29,297762.71
3,4,15,12879.29,297762.71
3,4,30,13539.58,297762.71
3,4,45,14207.15,297762.71
3,5,0,14851.0,297762.71
3,5,15,15485.04,297762.71
3,5,30,16242.31,297762.71
3,5,45,16924.78,297762.71
3,6,0,17693.58,297762.71
3,6,15,20509.47,297762.71
3,6,30,23438.72,297762.71
3,6,45,26120.7,297762.71
3,7,0,28778.04,297762.71
3,7,15,31805.14,297762.71
3,7,30,34736.46,297762.71
3,7,45,37897.81,297762.71
3,8,0,41120.08,297762.71
3,8,15,48833.24,297762.71
3,8,30,56567.4,297762.71
3,8,45,63578.35,297762.71
3,9,0,70860.33,297762.71
3,9,15,78399.3,297762.71
3,9,30,86033.05,297762.71
3,9,45,93898.61,297762.71
3,10,0,101307.54,297762.71
3,10,15,104489.4,297762.71
3,10,30,107593.09,297762.71
3,10,45,111055.88,297762.71
3,11,0,114264.15,297762.71
3,11,15,117130.47,297762.71
3,11,30,120051.76,297762.71
3,11,45,122811.77,297762.71
3,12,0,125537.54,297762.71
3,12,15,128361.46,297762.71
3,12,30,131289.73,297762.71
3,12,45,134161.11,297762.71
3,13,0,137202.14,297762.71
3,13,15,140416.54,297762.71
3,13,30,143614.85,297762.71
3,13,45,146523.18,297762.71
3,14,0,149859.59,297762.71
3,14,15,153024.3,297762.71
3,14,30,156349.22,297762.71
3,14,45,159390.87,297762.71
3,15,0,162569.9,297762.71
3,15,15,165487.54,297762.71
3,15,30,168577.88,297762.71
3,15,45,171344.84,297762.71
3,16,0,174653.76,297762.71
3,16,15,177754.5,297762.71
3,16,30,180705.97,297762.71
3,16,45,183800.68,297762.71
3,17,0,187089.82,297762.71
3,17,15,194009.14,297762.71
3,17,30,201816.93,297762.71
3,17,45,209280.89,297762.71
3,18,0,217478.38,297762.71
3,18,15,224977.67,297762.71
3,18,30,232613.8,297762.71
3,18,45,240216.2,297762.71
3,19,0,247714.04,297762.71
3,19,15,250507.44,297762.71
3,19,30,253419.24,297762.71
3,19,45,256503.57,297762.71
3,20,0,259452.17,297762.71
3,20,15,262651.8,297762.71
3,20,30,265815.2,297762.71
3,20,45,268936.36,297762.71
3,21,0,271654.88,297762.71
3,21,15,274826.09,297762.71
3,21,30,277567.68,297762.71
3,21,45,280525.5,297762.71
3,22,0,283496.83,297762.71
3,22,15,286503.18,297762.71
3,22,30,289147.45,297762.71
3,22,45,291942.86,297762.71
3,23,0,294893.36,297762.71
3,23,15,295655.48,297762.71
3,23,30,296418.15,297762.71
3,23,45,297162.73,297762.71
4,0,0,59.35,295942.74
4,0,15,721.71,295942.74
4,0,30,1466.28,295942.74
4,0,45,2298.64,295942.74
4,1,0,3123.41,295942.74
4,1,15,3925.51,295942.74
4,1,30,4642.69,295942.74
4,1,45,5592.0,295942.74
4,2,0,6322.19,295942.74
4,2,15,7068.39,295942.74
4,2,30,7790.69,295942.74
4,2,45,8661.16,295942.74
4,3,0,9486.96,295942.74
4,3,15,10308.83,295942.74
4,3,30,11115.75,295942.74
4,3,45,11709.58,295942.74
4,4,0,12343.12,295942.74
4,4,15,13021.0,295942.74
4,4,30,13803.06,295942.74
4,4,45,14426.28,295942.74
4,5,0,15169.27,295942.74
4,5,15,15877.49,295942.74
4,5,30,16592.64,295942.74
4,5,45,17327.87,295942.74
4,6,0,18407.8,295942.74
4,6,15,21719.07,295942.74
4,6,30,24338.23,295942.74
4,6,45,27049.83,295942.74
4,7,0,29698.28,295942.74
4,7,15,32494.65,295942.74
4,7,30,35797.83,295942.74
4,7,45,38681.28,295942.74
4,8,0,42072.94,295942.74
4,8,15,50344.2,295942.74
4,8,30,58482.88,295942.74
4,8,45,66217.73,295942.74
4,9,0,73549.7,295942.74
4,9,15,81042.0,295942.74
4,9,30,88522.07,295942.74
4,9,45,96164.92,295942.74
4,10,0,103376.78,295942.74
4,10,15,106313.62,295942.74
4,10,30,109311.55,295942.74
4,10,45,112303.27,295942.74
4,11,0,115202.97,295942.74
4,11,15,118145.84,295942.74
4,11,30,121115.52,295942.74
4,11,45,123976.36,295942.74
4,12,0,126675.6,295942.74
4,12,15,129906.13,295942.74
4,12,30,132882.22,295942.74
4,12,45,135888.25,295942.74
4,13,0,139016.38,295942.74
4,13,15,142120.29,295942.74
4,13,30,145003.89,295942.74
4,13,45,147827.95,295942.74
4,14,0,150718.27,295942.74
4,14,15,153753.1,295942.74
4,14,30,156509.28,295942.74
4,14,45,159559.41,295942.74
4,15,0,162210.62,295942.74
4,15,15,165480.79,295942.74
4,15,30,168689.8,295942.74
4,15,45,171393.46,295942.74
4,16,0,174166.45,295942.74
4,16,15,177226.74,295942.74
4,16,30,179943.32,295942.74
4,16,45,182788.08,295942.74
4,17,0,185868.22,295942.74
4,17,15,193355.6,295942.74
4,17,30,200971.77,295942.74
4,17,45,209030.51,295942.74
4,18,0,216998.0,295942.74
4,18,15,224260.28,295942.74
4,18,30,231652.09,295942.74
4,18,45,238817.75,295942.74
4,19,0,245633.24,295942.74
4,19,15,248555.65,295942.74
4,19,30,251275.94,295942.74
4,19,45,254228.7,295942.74
4,20,0,257320.47,295942.74
4,20,15,260106.45,295942.74
4,20,30,262962.13,295942.74
4,20,45,265727.16,295942.74
4,21,0,269057.49,295942.74
4,21,15,272129.86,295942.74
4,21,30,275022.32,295942.74
4,21,45,277598.29,295942.74
4,22,0,280765.24,295942.74
4,22,15,283968.4,295942.74
4,22,30,287547.73,295942.74
4,22,45,290376.7,295942.74
4,23,0,293108.24,295942.74
4,23,15,293764.14,295942.74
4,23,30,294626.7,295942.74
4,23,45,295352.11,295942.74
5,0,0,10.56,208960.05
5,0,15,461.84,208960.05
5,0,30,948.12,208960.05
5,0,45,1448.69,208960.05
5,1,0,1935.68,208960.05
5,1,15,2454.68,208960.05
5,1,30,2989.97,208960.05
5,1,45,3581.32,208960.05
5,2,0,4030.21,208960.05
5,2,15,4441.21,208960.05
5,2,30,4927.19,208960.05
5,2,45,5463.74,208960.05
5,3,0,5970.34,208960.05
5,3,15,6437.73,208960.05
5,3,30,6941.86,208960.05
5,3,45,7521.9,208960.05
5,4,0,8049.84,208960.05
5,4,15,8574.38,208960.05
5,4,30,9177.46,208960.05
5,4,45,9750.78,208960.05
5,5,0,10213.29,208960.05
5,5,15,10777.1,208960.05
5,5,30,11199.26,208960.05
5,5,45,11708.6,208960.05
5,6,0,12392.65,208960.05
5,6,15,14271.96,208960.05
5,6,30,16530.31,208960.05
5,6,45,18633.22,208960.05
5,7,0,20511.71,208960.05
5,7,15,22567.04,208960.05
5,7,30,24631.41,208960.05
5,7,45,26838.85,208960.05
5,8,0,29580.96,208960.05
5,8,15,34909.89,208960.05
5,8,30,40349.81,208960.05
5,8,45,45504.05,208960.05
5,9,0,51007.79,208960.05
5,9,15,56352.14,208960.05
5,9,30,61412.46,208960.05
5,9,45,66744.13,208960.05
5,10,0,71842.87,208960.05
5,10,15,73988.62,208960.05
5,10,30,76149.08,208960.05
5,10,45,78260.03,208960.05
5,11,0,80511.3,208960.05
5,11,15,82633.07,208960.05
5,11,30,84593.05,208960.05
5,11,45,86654.64,208960.05
5,12,0,88827.46,208960.05
5,12,15,90914.11,208960.05
5,12,30,92801.93,208960.05
5,12,45,94973.7,208960.05
5,13,0,97249.66,208960.05
5,13,15,99478.0,208960.05
5,13,30,101535.45,208960.05
5,13,45,103475.04,208960.05
5,14,0,105606.27,208960.05
5,14,15,107840.17,208960.05
5,14,30,109990.32,208960.05
5,14,45,111904.98,208960.05
5,15,0,114152.42,208960.05
5,15,15,116102.52,208960.05
5,15,30,118340.06,208960.05
5,15,45,120379.61,208960.05
5,16,0,122456.91,208960.05
5,16,15,124371.99,208960.05
5,16,30,126642.24,208960.05
5,16,45,128908.74,208960.05
5,17,0,131110.03,208960.05
5,17,15,136659.08,208960.05
5,17,30,141288.84,208960.05
5,17,45,146692.93,208960.05
5,18,0,151496.11,208960.05
5,18,15,156707.15,208960.05
5,18,30,162126.52,208960.05
5,18,45,167587.51,208960.05
5,19,0,172585.2,208960.05
5,19,15,174918.87,208960.05
5,19,30,177168.33,208960.05
5,19,45,179301.56,208960.05
5,20,0,181542.92,208960.05
5,20,15,183696.92,208960.05
5,20,30,185996.61,208960.05
5,20,45,188014.34,208960.05
5,21,0,190197.61,208960.05
5,21,15,192182.68,208960.05
5,21,30,194351.72,208960.05
5,21,45,196483.41,208960.05
5,22,0,198467.2,208960.05
5,22,15,200636.81,208960.05
5,22,30,202741.42,208960.05
5,22,45,204870.4,208960.05
5,23,0,206847.73,208960.05
5,23,15,207369.66,208960.05
5,23,30,207993.94,208960.05
5,23,45,208487.17,208960.05
6,0,0,43.75,207767.17
6,0,15,450.42,207767.17
6,0,30,946.88,207767.17
6,0,45,1490.2,207767.17
6,1,0,2029.55,207767.17
6,1,15,2464.4,207767.17
6,1,30,3014.32,207767.17
6,1,45,3544.09,207767.17
6,2,0,4064.38,207767.17
6,2,15,4658.68,207767.17
6,2,30,5220.99,207767.17
6,2,45,5733.34,207767.17
6,3,0,6245.99,207767.17
6,3,15,6824.26,207767.17
6,3,30,7246.45,207767.17
6,3,45,7701.84,207767.17
6,4,0,8303.28,207767.17
6,4,15,8812.17,207767.17
6,4,30,9376.2,207767.17
6,4,45,9866.54,207767.17
6,5,0,10424.49,207767.17
6,5,15,10869.84,207767.17
6,5,30,11399.7,207767.17
6,5,45,11981.19,207767.17
6,6,0,12606.52,207767.17
6,6,15,14922.38,207767.17
6,6,30,17122.25,207767.17
6,6,45,19192.14,207767.17
6,7,0,21141.13,207767.17
6,7,15,23080.18,207767.17
6,7,30,25062.6,207767.17
6,7,45,27011.85,207767.17
6,8,0,29455.44,207767.17
6,8,15,34200.8,207767.17
6,8,30,39745.27,207767.17
6,8,45,44331.49,207767.17
6,9,0,49317.42,207767.17
6,9,15,55008.96,207767.17
6,9,30,60148.83,207767.17
6,9,45,65354.18,207767.17
6,10,0,70593.64,207767.17
6,10,15,72657.99,207767.17
6,10,30,74919.67,207767.17
6,10,45,77054.76,207767.17
6,11,0,79175.19,207767.17
6,11,15,81220.97,207767.17
6,11,30,83261.83,207767.17
6,11,45,85202.88,207767.17
6,12,0,87443.59,207767.17
6,12,15,89655.93,207767.17
6,12,30,91709.32,207767.17
6,12,45,93897.54,207767.17
6,13,0,95909.0,207767.17
6,13,15,97857.29,207767.17
6,13,30,100015.1,207767.17
6,13,45,102069.87,207767.17
6,14,0,104054.89,207767.17
6,14,15,106274.23,207767.17
6,14,30,108227.42,207767.17
6,14,45,110491.8,207767.17
6,15,0,112853.19,207767.17
6,15,15,115128.33,207767.17
6,15,30,117208.36,207767.17
6,15,45,119438.66,207767.17
6,16,0,121707.84,207767.17
6,16,15,123706.52,207767.17
6,16,30,125663.5,207767.17
6,16,45,127568.92,207767.17
6,17,0,129747.21,207767.17
6,17,15,134797.71,207767.17
6,17,30,139967.94,207767.17
6,17,45,145427.46,207767.17
6,18,0,150754.79,207767.17
6,18,15,156285.25,207767.17
6,18,30,161604.78,207767.17
6,18,45,166968.65,207767.17
6,19,0,171897.0,207767.17
6,19,15,173793.08,207767.17
6,19,30,175899.18,207767.17
6,19,45,177707.61,207767.17
6,20,0,179657.45,207767.17
6,20,15,181966.97,207767.17
6,20,30,184032.08,207767.17
6,20,45,186166.21,207767.17
6,21,0,188510.13,207767.17
6,21,15,190674.26,207767.17
6,21,30,192913.81,207767.17
6,21,45,195232.66,207767.17
6,22,0,197309.91,207767.17
6,22,15,199422.2,207767.17
6,22,30,201427.16,207767.17
6,22,45,203482.68,207767.17
6,23,0,205546.0,207767.17
6,23,15,206141.59,207767.17
6,23,30,206692.06,207767.17
6,23,45,207253.4,207767.17
0,0,0,44.99,295330.84
0,0,15,956.94,295330.84
0,0,30,1588.93,295330.84
0,0,45,2306.95,295330.84
0,1,0,3018.7,295330.84
0,1,15,3904.5,295330.84
0,1,30,4699.23,295330.84
0,1,45,5436.46,295330.84
0,2,0,6035.44,295330.84
0,2,15,6778.18,295330.84
0,2,30,7555.39,295330.84
0,2,45,8380.24,295330.84
0,3,0,9073.3,295330.84
0,3,15,9820.36,295330.84
0,3,30,10543.55,295330.84
0,3,45,11274.35,295330.84
0,4,0,12014.8,295330.84
0,4,15,12771.25,295330.84
0,4,30,13432.4,295330.84
0,4,45,14134.05,295330.84
0,5,0,14840.86,295330.84
0,5,15,15701.39,295330.84
0,5,30,16360.32,295330.84
0,5,45,17074.44,295330.84
0,6,0,17927.95,295330.84
0,6,15,20881.66,295330.84
0,6,30,24153.34,295330.84
0,6,45,27290.25,295330.84
0,7,0,30289.29,295330.84
0,7,15,32996.07,295330.84
0,7,30,35902.49,295330.84
0,7,45,38865.67,295330.84
0,8,0,42354.59,295330.84
0,8,15,49976.32,295330.84
0,8,30,57549.74,295330.84
0,8,45,64998.73,295330.84
0,9,0,72325.36,295330.84
0,9,15,78801.78,295330.84
0,9,30,86800.64,295330.84
0,9,45,93982.8,295330.84
0,10,0,101255.35,295330.84
0,10,15,104200.74,295330.84
0,10,30,107290.02,295330.84
0,10,45,110286.74,295330.84
0,11,0,113508.18,295330.84
0,11,15,116567.5,295330.84
0,11,30,119402.2,295330.84
0,11,45,122338.81,295330.84
0,12,0,125262.93,295330.84
0,12,15,128174.58,295330.84
0,12,30,130931.09,295330.84
0,12,45,133771.14,295330.84
0,13,0,136691.86,295330.84
0,13,15,139658.18,295330.84
0,13,30,142910.55,295330.84
0,13,45,145844.78,295330.84
0,14,0,148630.48,295330.84
0,14,15,151141.57,295330.84
0,14,30,154407.61,295330.84
0,14,45,157760.92,295330.84
0,15,0,160417.89,295330.84
0,15,15,163409.24,295330.84
0,15,30,166453.6,295330.84
0,15,45,169305.11,295330.84
0,16,0,172495.93,295330.84
0,16,15,175867.7,295330.84
0,16,30,178665.82,295330.84
0,16,45,181890.93,295330.84
0,17,0,185187.03,295330.84
0,17,15,192884.46,295330.84
0,17,30,200628.22,295330.84
0,17,45,208262.35,295330.84
0,18,0,215763.14,295330.84
0,18,15,222831.87,295330.84
0,18,30,229940.64,295330.84
0,18,45,237564.34,295330.84
0,19,0,244816.17,295330.84
0,19,15,247829.07,295330.84
0,19,30,250697.25,295330.84
0,19,45,253750.84,295330.84
0,20,0,256679.7,295330.84
0,20,15,259823.38,295330.84
0,20,30,263020.26,295330.84
0,20,45,266403.76,295330.84
0,21,0,269552.23,295330.84
0,21,15,272364.07,295330.84
0,21,30,275194.96,295330.84
0,21,45,278117.23,295330.84
0,22,0,280878.2,295330.84
0,22,15,283983.13,295330.84
0,22,30,286612.94,295330.84
0,22,45,289559.29,295330.84
0,23,0,292250.54,295330.84
0,23,15,293052.47,295330.84
0,23,30,293830.46,295330.84
0,23,45,294585.34,295330.84
1,0,0,42.45,297986.31
1,0,15,798.31,297986.31
1,0,30,1578.69,297986.31
1,0,45,2378.69,297986.31
1,1,0,3265.51,297986.31
1,1,15,4002.99,297986.31
1,1,30,4754.25,297986.31
1,1,45,5590.53,297986.31
1,2,0,6580.18,297986.31
1,2,15,7303.81,297986.31
1,2,30,8084.43,297986.31
1,2,45,8895.72,297986.31
1,3,0,9805.73,297986.31
1,3,15,10572.16,297986.31
1,3,30,11379.5,297986.31
1,3,45,12175.06,297986.31
1,4,0,13022.97,297986.31
1,4,15,13818.65,297986.31
1,4,30,14423.05,297986.31
1,4,45,15176.07,297986.31
1,5,0,16077.44,297986.31
1,5,15,16770.45,297986.31
1,5,30,17499.95,297986.31
1,5,45,18286.88,297986.31
1,6,0,19198.25,297986.31
1,6,15,22203.46,297986.31
1,6,30,24915.81,297986.31
1,6,45,27777.75,297986.31
1,7,0,30963.39,297986.31
1,7,15,33585.97,297986.31
1,7,30,36442.19,297986.31
1,7,45,39419.93,297986.31
1,8,0,42703.49,297986.31
1,8,15,50038.17,297986.31
1,8,30,58071.28,297986.31
1,8,45,65341.48,297986.31
1,9,0,73333.66,297986.31
1,9,15,80517.38,297986.31
1,9,30,88227.0,297986.31
1,9,45,95879.09,297986.31
1,10,0,103011.41,297986.31
1,10,15,105960.6,297986.31
1,10,30,109246.46,297986.31
1,10,45,112130.51,297986.31
1,11,0,114993.75,297986.31
1,11,15,118374.4,297986.31
1,11,30,121436.75,297986.31
1,11,45,124290.84,297986.31
1,12,0,127213.19,297986.31
1,12,15,130390.18,297986.31
1,12,30,133561.16,297986.31
1,12,45,136800.05,297986.31
1,13,0,139905.44,297986.31
1,13,15,142660.78,297986.31
1,13,30,145750.4,297986.31
1,13,45,148447.47,297986.31
1,14,0,151160.59,297986.31
1,14,15,154133.68,297986.31
1,14,30,157171.43,297986.31
1,14,45,159767.9,297986.31
1,15,0,162835.75,297986.31
1,15,15,165622.11,297986.31
1,15,30,168724.83,297986.31
1,15,45,171538.37,297986.31
1,16,0,174428.9,297986.31
1,16,15,177118.66,297986.31
1,16,30,180122.91,297986.31
1,16,45,183412.77,297986.31
1,17,0,186922.54,297986.31
1,17,15,194322.24,297986.31
1,17,30,202239.1,297986.31
1,17,45,210013.24,297986.31
1,18,0,217661.62,297986.31
1,18,15,224996.28,297986.31
1,18,30,232441.69,297986.31
1,18,45,239380.65,297986.31
1,19,0,246359.84,297986.31
1,19,15,249371.54,297986.31
1,19,30,252535.2,297986.31
1,19,45,255716.93,297986.31
1,20,0,258739.14,297986.31
1,20,15,261904.35,297986.31
1,20,30,265175.81,297986.31
1,20,45,268188.17,297986.31
1,21,0,271511.45,297986.31
1,21,15,274425.88,297986.31
1,21,30,277521.8,297986.31
1,21,45,280851.34,297986.31
1,22,0,283864.17,297986.31
1,22,15,286700.62,297986.31
1,22,30,289425.09,297986.31
1,22,45,292378.67,297986.31
1,23,0,295104.05,297986.31
1,23,15,295810.25,297986.31
1,23,30,296508.43,297986.31
1,23,45,297154.67,297986.31
2,0,0,30.73,296628.66
2,0,15,803.42,296628.66
2,0,30,1604.55,296628.66
2,0,45,2272.94,296628.66
2,1,0,3024.64,296628.66
2,1,15,3693.4,296628.66
2,1,30,4408.43,296628.66
2,1,45,5084.14,296628.66
2,2,0,5975.23,296628.66
2,2,15,6715.35,296628.66
2,2,30,7561.22,296628.66
2,2,45,8279.15,296628.66
2,3,0,9093.53,296628.66
2,3,15,9911.79,296628.66
2,3,30,10431.82,296628.66
2,3,45,11127.65,296628.66
2,4,0,11901.85,296628.66
2,4,15,12520.08,296628.66
2,4,30,13336.59,296628.66
2,4,45,14094.34,296628.66
2,5,0,14853.92,296628.66
2,5,15,15613.05,296628.66
2,5,30,16410.41,296628.66
2,5,45,17125.7,296628.66
2,6,0,18018.45,296628.66
2,6,15,21129.97,296628.66
2,6,30,24102.76,296628.66
2,6,45,26889.61,296628.66
2,7,0,29915.23,296628.66
2,7,15,33022.35,296628.66
2,7,30,36005.6,296628.66
2,7,45,39192.63,296628.66
2,8,0,42425.18,296628.66
2,8,15,50177.93,296628.66
2,8,30,57436.14,296628.66
2,8,45,64839.19,296628.66
2,9,0,72630.12,296628.66
2,9,15,79282.48,296628.66
2,9,30,86929.36,296628.66
2,9,45,94382.29,296628.66
2,10,0,101536.31,296628.66
2,10,15,104491.99,296628.66
2,10,30,107552.85,296628.66
2,10,45,110472.42,296628.66
2,11,0,113653.42,296628.66
2,11,15,116758.26,296628.66
2,11,30,119459.86,296628.66
2,11,45,122063.47,296628.66
2,12,0,125326.16,296628.66
2,12,15,128266.24,296628.66
2,12,30,131376.41,296628.66
2,12,45,134146.88,296628.66
2,13,0,136971.35,296628.66
2,13,15,140203.66,296628.66
2,13,30,142898.71,296628.66
2,13,45,145896.2,296628.66
2,14,0,149096.05,296628.66
2,14,15,152270.19,296628.66
2,14,30,155388.72,296628.66
2,14,45,158262.61,296628.66
2,15,0,161096.06,296628.66
2,15,15,163616.06,296628.66
2,15,30,166551.17,296628.66
2,15,45,169318.35,296628.66
2,16,0,172557.86,296628.66
2,16,15,175519.62,296628.66
2,16,30,178153.75,296628.66
2,16,45,181402.22,296628.66
2,17,0,184751.24,296628.66
2,17,15,192568.15,296628.66
2,17,30,200632.5,296628.66
2,17,45,208630.23,296628.66
2,18,0,216543.8,296628.66
2,18,15,223030.05,296628.66
2,18,30,230927.26,296628.66
2,18,45,238656.27,296628.66
2,19,0,245908.55,296628.66
2,19,15,248769.79,296628.66
2,19,30,251775.29,296628.66
2,19,45,254661.2,296628.66
2,20,0,257414.56,296628.66
2,20,15,260223.24,296628.66
2,20,30,263567.83,296628.66
2,20,45,266971.68,296628.66
2,21,0,269949.9,296628.66
2,21,15,272975.4,296628.66
2,21,30,276130.1,296628.66
2,21,45,279065.38,296628.66
2,22,0,281699.77,296628.66
2,22,15,284815.99,296628.66
2,22,30,287761.01,296628.66
2,22,45,290859.86,296628.66
2,23,0,293562.84,296628.66
2,23,15,294397.11,296628.66
2,23,30,295262.18,296628.66
2,23,45,295881.64,296628.66
3,0,0,44.18,298913.52
3,0,15,734.38,298913.52
3,0,30,1498.3,298913.52
3,0,45,2279.41,298913.52
3,1,0,3097.0,298913.52
3,1,15,3938.96,298913.52
3,1,30,4773.91,298913.52
3,1,45,5446.78,298913.52
3,2,0,6219.22,298913.52
3,2,15,7098.67,298913.52
3,2,30,7649.5,298913.52
3,2,45,8329.84,298913.52
3,3,0,9112.3,298913.52
3,3,15,9864.36,298913.52
3,3,30,10674.11,298913.52
3,3,45,11233.01,298913.52
3,4,0,11948.12,298913.52
3,4,15,12913.17,298913.52
3,4,30,13628.17,298913.52
3,4,45,14425.64,298913.52
3,5,0,15207.81,298913.52
3,5,15,15889.38,298913.52
3,5,30,16622.89,298913.52
3,5,45,17396.6,298913.52
3,6,0,18221.91,298913.52
3,6,15,21280.6,298913.52
3,6,30,23935.66,298913.52
3,6,45,26739.41,298913.52
3,7,0,29740.5,298913.52
3,7,15,32322.14,298913.52
3,7,30,35448.03,298913.52
3,7,45,37989.43,298913.52
3,8,0,41352.04,298913.52
3,8,15,48820.76,298913.52
3,8,30,56406.91,298913.52
3,8,45,64333.13,298913.52
3,9,0,72416.97,298913.52
3,9,15,79263.96,298913.52
3,9,30,86938.31,298913.52
3,9,45,94189.94,298913.52
3,10,0,102264.14,298913.52
3,10,15,104804.11,298913.52
3,10,30,107961.78,298913.52
3,10,45,111210.95,298913.52
3,11,0,114206.17,298913.52
3,11,15,117528.36,298913.52
3,11,30,120432.28,298913.52
3,11,45,123389.0,298913.52
3,12,0,126188.72,298913.52
3,12,15,129034.01,298913.52
3,12,30,131953.23,298913.52
3,12,45,135099.18,298913.52
3,13,0,137903.62,298913.52
3,13,15,140763.29,298913.52
3,13,30,144012.93,298913.52
3,13,45,147072.7,298913.52
3,14,0,150216.35,298913.52
3,14,15,153285.6,298913.52
3,14,30,156294.71,298913.52
3,14,45,159017.7,298913.52
3,15,0,162353.73,298913.52
3,15,15,165613.44,298913.52
3,15,30,168518.7,298913.52
3,15,45,171851.71,298913.52
3,16,0,174704.07,298913.52
3,16,15,177898.38,298913.52
3,16,30,180880.42,298913.52
3,16,45,183870.25,298913.52
3,17,0,187257.33,298913.52
3,17,15,195014.52,298913.52
3,17,30,203074.09,298913.52
3,17,45,211335.24,298913.52
3,18,0,218837.46,298913.52
3,18,15,227459.97,298913.52
3,18,30,234599.83,298913.52
3,18,45,241959.16,298913.52
3,19,0,249269.08,298913.52
3,19,15,251838.71,298913.52
3,19,30,254771.22,298913.52
3,19,45,257955.93,298913.52
3,20,0,260875.24,298913.52
3,20,15,263837.07,298913.52
3,20,30,266907.02,298913.52
3,20,45,269597.98,298913.52
3,21,0,272381.72,298913.52
3,21,15,275582.86,298913.52
3,21,30,278452.12,298913.52
3,21,45,281520.46,298913.52
3,22,0,284325.3,298913.52
3,22,15,287447.6,298913.52
3,22,30,290355.49,298913.52
3,22,45,293287.37,298913.52
3,23,0,295932.25,298913.52
3,23,15,296788.12,298913.52
3,23,30,297658.19,298913.52
3,23,45,298358.54,298913.52
4,0,0,73.88,296227.03
4,0,15,847.96,296227.03
4,0,30,1791.29,296227.03
4,0,45,2480.78,296227.03
4,1,0,3191.39,296227.03
4,1,15,3884.34,296227.03
4,1,30,4633.6,296227.03
4,1,45,5345.91,296227.03
4,2,0,6198.94,296227.03
4,2,15,6838.99,296227.03
4,2,30,7478.63,296227.03
4,2,45,8096.25,296227.03
4,3,0,8809.51,296227.03
4,3,15,9690.48,296227.03
4,3,30,10404.67,296227.03
4,3,45,11103.26,296227.03
4,4,0,11787.54,296227.03
4,4,15,12525.58,296227.03
4,4,30,13373.15,296227.03
4,4,45,14115.44,296227.03
4,5,0,14879.04,296227.03
4,5,15,15576.66,296227.03
4,5,30,16273.6,296227.03
4,5,45,16984.54,296227.03
4,6,0,17843.42,296227.03
4,6,15,20959.33,296227.03
4,6,30,23925.71,296227.03
4,6,45,27079.02,296227.03
4,7,0,30133.85,296227.03
4,7,15,32872.94,296227.03
4,7,30,35770.49,296227.03
4,7,45,38677.17,296227.03
4,8,0,41972.68,296227.03
4,8,15,49796.86,296227.03
4,8,30,56847.79,296227.03
4,8,45,63711.08,296227.03
4,9,0,71218.72,296227.03
4,9,15,78374.33,296227.03
4,9,30,85880.19,296227.03
4,9,45,93620.8,296227.03
4,10,0,101110.68,296227.03
4,10,15,103971.04,296227.03
4,10,30,107212.84,296227.03
4,10,45,110504.7,296227.03
4,11,0,113265.56,296227.03
4,11,15,115974.68,296227.03
4,11,30,118756.02,296227.03
4,11,45,121719.45,296227.03
4,12,0,124772.82,296227.03
4,12,15,128088.37,296227.03
4,12,30,130952.48,296227.03
4,12,45,134049.56,296227.03
4,13,0,137234.47,296227.03
4,13,15,140223.39,296227.03
4,13,30,143209.77,296227.03
4,13,45,146000.39,296227.03
4,14,0,148888.4,296227.03
4,14,15,152025.37,296227.03
4,14,30,154942.5,296227.03
4,14,45,157607.53,296227.03
4,15,0,160730.53,296227.03
4,15,15,163889.19,296227.03
4,15,30,167083.77,296227.03
4,15,45,170297.28,296227.03
4,16,0,173346.37,296227.03
4,16,15,176326.83,296227.03
4,16,30,179423.5,296227.03
4,16,45,182362.95,296227.03
4,17,0,185663.28,296227.03
4,17,15,192976.72,296227.03
4,17,30,200740.47,296227.03
4,17,45,208310.59,296227.03
4,18,0,215534.03,296227.03
4,18,15,222311.7,296227.03
4,18,30,229968.23,296227.03
4,18,45,236997.96,296227.03
4,19,0,244643.87,296227.03
4,19,15,247454.47,296227.03
4,19,30,250599.33,296227.03
4,19,45,253584.34,296227.03
4,20,0,256343.32,296227.03
4,20,15,259385.48,296227.03
4,20,30,262339.67,296227.03
4,20,45,265356.12,296227.03
4,21,0,268215.08,296227.03
4,21,15,271587.51,296227.03
4,21,30,274983.83,296227.03
4,21,45,277885.59,296227.03
4,22,0,280920.27,296227.03
4,22,15,283952.81,296227.03
4,22,30,287119.9,296227.03
4,22,45,290307.0,296227.03
4,23,0,293186.47,296227.03
4,23,15,294050.12,296227.03
4,23,30,294778.3,296227.03
4,23,45,295541.66,296227.03
5,0,0,33.97,207004.53
5,0,15,560.08,207004.53
5,0,30,1054.26,207004.53
5,0,45,1654.35,207004.53
5,1,0,2147.53,207004.53
5,1,15,2627.36,207004.53
5,1,30,3112.07,207004.53
5,1,45,3648.83,207004.53
5,2,0,4180.76,207004.53
5,2,15,4626.58,207004.53
5,2,30,5187.57,207004.53
5,2,45,5634.77,207004.53
5,3,0,6188.51,207004.53
5,3,15,6693.89,207004.53
5,3,30,7355.79,207004.53
5,3,45,7898.59,207004.53
5,4,0,8419.82,207004.53
5,4,15,8978.54,207004.53
5,4,30,9409.34,207004.53
5,4,45,9975.8,207004.53
5,5,0,10473.44,207004.53
5,5,15,11044.42,207004.53
5,5,30,11432.58,207004.53
5,5,45,11954.71,207004.53
5,6,0,12607.7,207004.53
5,6,15,14805.12,207004.53
5,6,30,16878.25,207004.53
5,6,45,19149.22,207004.53
5,7,0,21331.28,207004.53
5,7,15,23478.29,207004.53
5,7,30,25600.89,207004.53
5,7,45,27593.94,207004.53
5,8,0,29839.76,207004.53
5,8,15,35140.16,207004.53
5,8,30,40064.79,207004.53
5,8,45,45775.74,207004.53
5,9,0,50421.3,207004.53
5,9,15,55755.73,207004.53
5,9,30,60721.9,207004.53
5,9,45,65754.31,207004.53
5,10,0,71215.02,207004.53
5,10,15,73260.89,207004.53
5,10,30,75426.6,207004.53
5,10,45,77466.14,207004.53
5,11,0,79513.59,207004.53
5,11,15,81714.71,207004.53
5,11,30,83664.82,207004.53
5,11,45,85787.67,207004.53
5,12,0,87911.5,207004.53
5,12,15,90020.79,207004.53
5,12,30,92199.69,207004.53
5,12,45,94109.14,207004.53
5,13,0,96180.31,207004.53
5,13,15,98429.35,207004.53
5,13,30,100589.39,207004.53
5,13,45,102566.98,207004.53
5,14,0,104784.95,207004.53
5,14,15,106882.76,207004.53
5,14,30,109116.86,207004.53
5,14,45,111315.3,207004.53
5,15,0,113411.67,207004.53
5,15,15,115374.9,207004.53
5,15,30,117308.49,207004.53
5,15,45,119242.26,207004.53
5,16,0,121219.54,207004.53
5,16,15,123158.94,207004.53
5,16,30,125248.23,207004.53
5,16,45,127296.01,207004.53
5,17,0,129591.32,207004.53
5,17,15,134465.01,207004.53
5,17,30,140141.8,207004.53
5,17,45,145606.24,207004.53
5,18,0,151007.69,207004.53
5,18,15,156465.58,207004.53
5,18,30,162102.95,207004.53
5,18,45,166975.8,207004.53
5,19,0,172268.62,207004.53
5,19,15,174452.63,207004.53
5,19,30,176620.57,207004.53
5,19,45,178872.04,207004.53
5,20,0,180687.19,207004.53
5,20,15,182535.34,207004.53
5,20,30,184555.32,207004.53
5,20,45,186579.6,207004.53
5,21,0,188602.51,207004.53
5,21,15,190487.15,207004.53
5,21,30,192558.81,207004.53
5,21,45,194486.0,207004.53
5,22,0,196678.56,207004.53
5,22,15,198880.17,207004.53
5,22,30,200896.05,207004.53
5,22,45,203042.79,207004.53
5,23,0,205041.6,207004.53
5,23,15,205543.47,207004.53
5,23,30,206000.86,207004.53
5,23,45,206514.99,207004.53
6,0,0,48.95,209838.83
6,0,15,600.83,209838.83
6,0,30,1166.7,209838.83
6,0,45,1720.69,209838.83
6,1,0,2201.5,209838.83
6,1,15,2608.28,209838.83
6,1,30,3118.05,209838.83
6,1,45,3706.8,209838.83
6,2,0,4283.28,209838.83
6,2,15,4869.24,209838.83
6,2,30,5462.76,209838.83
6,2,45,5969.85,209838.83
6,3,0,6506.89,209838.83
6,3,15,6916.27,209838.83
6,3,30,7506.67,209838.83
6,3,45,8084.45,209838.83
6,4,0,8680.25,209838.83
6,4,15,9229.81,209838.83
6,4,30,9748.1,209838.83
6,4,45,10306.51,209838.83
6,5,0,10802.46,209838.83
6,5,15,11327.01,209838.83
6,5,30,11899.3,209838.83
6,5,45,12540.11,209838.83
6,6,0,13118.21,209838.83
6,6,15,15188.82,209838.83
6,6,30,17603.9,209838.83
6,6,45,19643.23,209838.83
6,7,0,21931.27,209838.83
6,7,15,24162.06,209838.83
6,7,30,26120.02,209838.83
6,7,45,27963.13,209838.83
6,8,0,29992.84,209838.83
6,8,15,35263.74,209838.83
6,8,30,40612.2,209838.83
6,8,45,45654.72,209838.83
6,9,0,51189.13,209838.83
6,9,15,56626.65,209838.83
6,9,30,62142.63,209838.83
6,9,45,67619.69,209838.83
6,10,0,73069.23,209838.83
6,10,15,75116.2,209838.83
6,10,30,77086.66,209838.83
6,10,45,79154.39,209838.83
6,11,0,80905.11,209838.83
6,11,15,83143.48,209838.83
6,11,30,85134.13,209838.83
6,11,45,87198.4,209838.83
6,12,0,89063.35,209838.83
6,12,15,91292.51,209838.83
6,12,30,93473.58,209838.83
6,12,45,95774.23,209838.83
6,13,0,97900.02,209838.83
6,13,15,100058.58,209838.83
6,13,30,102200.79,209838.83
6,13,45,104208.12,209838.83
6,14,0,106252.16,209838.83
6,14,15,108502.73,209838.83
6,14,30,110500.21,209838.83
6,14,45,112468.1,209838.83
6,15,0,114625.91,209838.83
6,15,15,116935.51,209838.83
6,15,30,119275.07,209838.83
6,15,45,121473.4,209838.83
6,16,0,123571.07,209838.83
6,16,15,125453.5,209838.83
6,16,30,127644.53,209838.83
6,16,45,129769.81,209838.83
6,17,0,132124.22,209838.83
6,17,15,137662.0,209838.83
6,17,30,142635.29,209838.83
6,17,45,147646.7,209838.83
6,18,0,153128.55,209838.83
6,18,15,158369.96,209838.83
6,18,30,163672.77,209838.83
6,18,45,169029.78,209838.83
6,19,0,174025.87,209838.83
6,19,15,176044.91,209838.83
6,19,30,177975.55,209838.83
6,19,45,179860.26,209838.83
6,20,0,182012.92,209838.83
6,20,15,184396.29,209838.83
6,20,30,186483.58,209838.83
6,20,45,188645.72,209838.83
6,21,0,190703.04,209838.83
6,21,15,192836.66,209838.83
6,21,30,195054.86,209838.83
6,21,45,197323.65,209838.83
6,22,0,199594.85,209838.83
6,22,15,201509.86,209838.83
6,22,30,203487.17,209838.83
6,22,45,205643.37,209838.83
6,23,0,207615.53,209838.83
6,23,15,208197.76,209838.83
6,23,30,208762.1,209838.83
6,23,45,209298.41,209838.83
0,0,0,66.55,297253.23
0,0,15,726.1,297253.23
0,0,30,1558.24,297253.23
0,0,45,2282.99,297253.23
0,1,0,3142.57,297253.23
0,1,15,3920.15,297253.23
0,1,30,4596.48,297253.23
0,1,45,5318.15,297253.23
0,2,0,5985.04,297253.23
0,2,15,6767.07,297253.23
0,2,30,7453.4,297253.23
0,2,45,8259.4,297253.23
0,3,0,9006.54,297253.23
0,3,15,9758.13,297253.23
0,3,30,10489.61,297253.23
0,3,45,11200.94,297253.23
0,4,0,12097.43,297253.23
0,4,15,12839.48,297253.23
0,4,30,13705.34,297253.23
0,4,45,14317.79,297253.23
0,5,0,15031.85,297253.23
0,5,15,15849.66,297253.23
0,5,30,16614.26,297253.23
0,5,45,17410.11,297253.23
0,6,0,18299.99,297253.23
0,6,15,20781.08,297253.23
0,6,30,23915.55,297253.23
0,6,45,27183.82,297253.23
0,7,0,30683.08,297253.23
0,7,15,33669.28,297253.23
0,7,30,36517.4,297253.23
0,7,45,39383.38,297253.23
0,8,0,42781.72,297253.23
0,8,15,50171.56,297253.23
0,8,30,57397.06,297253.23
0,8,45,65037.6,297253.23
0,9,0,72143.13,297253.23
0,9,15,79147.38,297253.23
0,9,30,86398.36,297253.23
0,9,45,93913.07,297253.23
0,10,0,101471.06,297253.23
0,10,15,104750.23,297253.23
0,10,30,108027.46,297253.23
0,10,45,110943.9,297253.23
0,11,0,114200.89,297253.23
0,11,15,116890.39,297253.23
0,11,30,119959.69,297253.23
0,11,45,123080.78,297253.23
0,12,0,126287.1,297253.23
0,12,15,129168.85,297253.23
0,12,30,132030.96,297253.23
0,12,45,135073.16,297253.23
0,13,0,138082.41,297253.23
0,13,15,141081.08,297253.23
0,13,30,144068.66,297253.23
0,13,45,147197.51,297253.23
0,14,0,149963.65,297253.23
0,14,15,153426.91,297253.23
0,14,30,156104.54,297253.23
0,14,45,158754.57,297253.23
0,15,0,161371.73,297253.23
0,15,15,164128.17,297253.23
0,15,30,167465.55,297253.23
0,15,45,170486.15,297253.23
0,16,0,173447.95,297253.23
0,16,15,176461.03,297253.23
0,16,30,178957.79,297253.23
0,16,45,182186.12,297253.23
0,17,0,185595.45,297253.23
0,17,15,193027.4,297253.23
0,17,30,201361.49,297253.23
0,17,45,208416.67,297253.23
0,18,0,216131.06,297253.23
0,18,15,223533.35,297253.23
0,18,30,231143.89,297253.23
0,18,45,238493.45,297253.23
0,19,0,245986.04,297253.23
0,19,15,249072.79,297253.23
0,19,30,252362.18,297253.23
0,19,45,255385.36,297253.23
0,20,0,258023.25,297253.23
0,20,15,261144.03,297253.23
0,20,30,264312.43,297253.23
0,20,45,266849.3,297253.23
0,21,0,269618.21,297253.23
0,21,15,272665.0,297253.23
0,21,30,275687.78,297253.23
0,21,45,278623.66,297253.23
0,22,0,281674.82,297253.23
0,22,15,284767.44,297253.23
0,22,30,287906.92,297253.23
0,22,45,291091.07,297253.23
0,23,0,294160.03,297253.23
0,23,15,294853.17,297253.23
0,23,30,295628.41,297253.23
0,23,45,296479.44,297253.23
1,0,0,47.91,296960.33
1,0,15,821.52,296960.33
1,0,30,1522.66,296960.33
1,0,45,2437.79,296960.33
1,1,0,3319.84,296960.33
1,1,15,3956.29,296960.33
1,1,30,4504.99,296960.33
1,1,45,5309.82,296960.33
1,2,0,5982.19,296960.33
1,2,15,6797.57,296960.33
1,2,30,7533.35,296960.33
1,2,45,8317.51,296960.33
1,3,0,9133.23,296960.33
1,3,15,9845.53,296960.33
1,3,30,10518.82,296960.33
1,3,45,11267.37,296960.33
1,4,0,11961.85,296960.33
1,4,15,12708.93,296960.33
1,4,30,13475.69,296960.33
1,4,45,14265.71,296960.33
1,5,0,15065.58,296960.33
1,5,15,15852.62,296960.33
1,5,30,16596.97,296960.33
1,5,45,17276.14,296960.33
1,6,0,18238.92,296960.33
1,6,15,21453.82,296960.33
1,6,30,24649.37,296960.33
1,6,45,27232.24,296960.33
1,7,0,30187.69,296960.33
1,7,15,33118.42,296960.33
1,7,30,36004.21,296960.33
1,7,45,39202.29,296960.33
1,8,0,42451.19,296960.33
1,8,15,49710.03,296960.33
1,8,30,57094.89,296960.33
1,8,45,64452.16,296960.33
1,9,0,71898.51,296960.33
1,9,15,79462.11,296960.33
1,9,30,87364.84,296960.33
1,9,45,95294.64,296960.33
1,10,0,102078.41,296960.33
1,10,15,105542.36,296960.33
1,10,30,108488.66,296960.33
1,10,45,111246.52,296960.33
1,11,0,114103.13,296960.33
1,11,15,117106.49,296960.33
1,11,30,119835.71,296960.33
1,11,45,122761.25,296960.33
1,12,0,125860.39,296960.33
1,12,15,128796.07,296960.33
1,12,30,131470.84,296960.33
1,12,45,134632.71,296960.33
1,13,0,137728.62,296960.33
1,13,15,140736.83,296960.33
1,13,30,144005.98,296960.33
1,13,45,147070.95,296960.33
1,14,0,150188.6,296960.33
1,14,15,153151.62,296960.33
1,14,30,156209.05,296960.33
1,14,45,159047.86,296960.33
1,15,0,161870.33,296960.33
1,15,15,164784.69,296960.33
1,15,30,167585.16,296960.33
1,15,45,170701.22,296960.33
1,16,0,173809.47,296960.33
1,16,15,176766.09,296960.33
1,16,30,180025.35,296960.33
1,16,45,183173.45,296960.33
1,17,0,186493.98,296960.33
1,17,15,194517.95,296960.33
1,17,30,202337.06,296960.33
1,17,45,209907.18,296960.33
1,18,0,217107.4,296960.33
1,18,15,224659.56,296960.33
1,18,30,232181.89,296960.33
1,18,45,239501.78,296960.33
1,19,0,247375.21,296960.33
1,19,15,250104.28,296960.33
1,19,30,253183.08,296960.33
1,19,45,256026.65,296960.33
1,20,0,258728.85,296960.33
1,20,15,261626.82,296960.33
1,20,30,264504.29,296960.33
1,20,45,267195.74,296960.33
1,21,0,270431.99,296960.33
1,21,15,273287.1,296960.33
1,21,30,276185.28,296960.33
1,21,45,279432.97,296960.33
1,22,0,282138.8,296960.33
1,22,15,285070.35,296960.33
1,22,30,287936.08,296960.33
1,22,45,291222.24,296960.33
1,23,0,294120.76,296960.33
1,23,15,294882.61,296960.33
1,23,30,295518.44,296960.33
1,23,45,296238.52,296960.33
